city,latitude,longitude,elevation_m
Delhi,28.6139,77.209,214.0
Mumbai,19.076,72.8777,6.0
Chennai,13.0827,80.2707,12.0
Kolkata,22.5726,88.3639,12.0
Jaipur,26.9124,75.7873,431.0
Guwahati,26.1445,91.7362,52.0
Bengaluru,12.9716,77.5946,910.0
Hyderabad,17.385,78.4867,505.0
Ahmedabad,23.0225,72.5714,53.0
Pune,18.5204,73.8567,561.0
Surat,21.1702,72.8311,17.0
Lucknow,26.8467,80.9462,117.0
Kanpur,26.4499,80.3319,133.0
Nagpur,21.1458,79.0882,311.0
Indore,22.7196,75.8577,551.0
Thane,19.2183,72.9781,11.0
Bhopal,23.2599,77.4126,495.0
Visakhapatnam,17.6868,83.2185,40.0
Patna,25.5941,85.1376,55.0
Vadodara,22.3072,73.1812,35.0
Ghaziabad,28.6692,77.4538,216.0
Ludhiana,30.901,75.8573,252.0
Agra,27.1767,78.0081,170.0
Nashik,19.9975,73.7898,584.0
Ranchi,23.3441,85.3096,641.0
Varanasi,25.3176,82.9739,81.0
Srinagar,34.0837,74.7973,1589.0
Amritsar,31.634,74.8723,234.0
Coimbatore,11.0168,76.9558,431.0
Vijayawada,16.5062,80.648,49.0
Jodhpur,26.2389,73.0243,220.0
Madurai,9.9252,78.1198,141.0
Raipur,21.2514,81.6296,296.0
Kota,25.2138,75.8648,257.0
Chandigarh,30.7333,76.7794,343.0
Dehradun,30.3165,78.0322,652.0
Shimla,31.1048,77.1734,2195.0
Thiruvananthapuram,8.5241,76.9366,12.0
Kochi,9.9312,76.2673,6.0
Bhubaneswar,20.2961,85.8245,44.0
Goa,15.2993,74.124,98.0
Imphal,24.817,93.9368,782.0
Shillong,25.5788,91.8933,1436.0
Agartala,23.8315,91.2868,12.0
Jabalpur,23.1815,79.9864,418.0
