city,datetime,event,severity,forecast_value,threshold
Jodhpur,2026-10-03 11:00:00,High Temperature,Moderate,35.03,35
Goa,2026-10-03 12:00:00,High Temperature,Moderate,35.2,35
Jodhpur,2026-10-03 12:00:00,High Temperature,Moderate,35.94,35
Mumbai,2026-10-03 12:00:00,High Temperature,Moderate,35.46,35
Thane,2026-10-03 12:00:00,High Temperature,Moderate,35.34,35
Vadodara,2026-10-03 12:00:00,High Temperature,Moderate,35.21,35
Ahmedabad,2026-10-03 13:00:00,High Temperature,Moderate,35.29,35
Delhi,2026-10-03 13:00:00,High Temperature,Moderate,35.07,35
Jodhpur,2026-10-03 13:00:00,High Temperature,Moderate,36.57,35
Mumbai,2026-10-03 13:00:00,High Temperature,Moderate,35.65,35
Thane,2026-10-03 13:00:00,High Temperature,Moderate,35.75,35
Vadodara,2026-10-03 13:00:00,High Temperature,Moderate,35.73,35
Ahmedabad,2026-10-03 14:00:00,High Temperature,Moderate,35.54,35
Delhi,2026-10-03 14:00:00,High Temperature,Moderate,35.23,35
Jodhpur,2026-10-03 14:00:00,High Temperature,Moderate,36.85,35
Mumbai,2026-10-03 14:00:00,High Temperature,Moderate,35.3,35
Thane,2026-10-03 14:00:00,High Temperature,Moderate,35.67,35
Vadodara,2026-10-03 14:00:00,High Temperature,Moderate,35.84,35
Ahmedabad,2026-10-03 15:00:00,High Temperature,Moderate,35.48,35
Jodhpur,2026-10-03 15:00:00,High Temperature,Moderate,36.83,35
Thane,2026-10-03 15:00:00,High Temperature,Moderate,35.29,35
Vadodara,2026-10-03 15:00:00,High Temperature,Moderate,35.56,35
Ahmedabad,2026-10-03 16:00:00,High Temperature,Moderate,35.09,35
Jodhpur,2026-10-03 16:00:00,High Temperature,Moderate,36.42,35
Jodhpur,2026-10-03 17:00:00,High Temperature,Moderate,35.5,35
Jodhpur,2026-10-04 12:00:00,High Temperature,Moderate,35.62,35
Jodhpur,2026-10-04 13:00:00,High Temperature,Moderate,36.6,35
Vadodara,2026-10-04 13:00:00,High Temperature,Moderate,35.17,35
Ahmedabad,2026-10-04 14:00:00,High Temperature,Moderate,35.19,35
Delhi,2026-10-04 14:00:00,High Temperature,Moderate,35.3,35
Jaipur,2026-10-04 14:00:00,High Temperature,Moderate,35.22,35
Jodhpur,2026-10-04 14:00:00,High Temperature,High,37.09,35
Ludhiana,2026-10-04 14:00:00,High Temperature,Moderate,35.29,35
Vadodara,2026-10-04 14:00:00,High Temperature,Moderate,35.46,35
Ahmedabad,2026-10-04 15:00:00,High Temperature,Moderate,35.07,35
Delhi,2026-10-04 15:00:00,High Temperature,Moderate,35.16,35
Jodhpur,2026-10-04 15:00:00,High Temperature,High,37.11,35
Ludhiana,2026-10-04 15:00:00,High Temperature,Moderate,35.15,35
Vadodara,2026-10-04 15:00:00,High Temperature,Moderate,35.16,35
Jodhpur,2026-10-04 16:00:00,High Temperature,Moderate,36.64,35
Jodhpur,2026-10-04 17:00:00,High Temperature,Moderate,35.6,35
Jodhpur,2026-10-05 13:00:00,High Temperature,Moderate,35.48,35
Ludhiana,2026-10-05 13:00:00,High Temperature,Moderate,35.41,35
Delhi,2026-10-05 14:00:00,High Temperature,Moderate,35.16,35
Jaipur,2026-10-05 14:00:00,High Temperature,Moderate,35.1,35
Jodhpur,2026-10-05 14:00:00,High Temperature,Moderate,36.07,35
Ludhiana,2026-10-05 14:00:00,High Temperature,Moderate,35.68,35
Delhi,2026-10-05 15:00:00,High Temperature,Moderate,35.04,35
Jodhpur,2026-10-05 15:00:00,High Temperature,Moderate,36.1,35
Ludhiana,2026-10-05 15:00:00,High Temperature,Moderate,35.5,35
Jodhpur,2026-10-05 16:00:00,High Temperature,Moderate,35.69,35
Ludhiana,2026-10-05 16:00:00,High Temperature,Moderate,35.01,35
