city,variable,lead_days,model,weight
Agartala,rainfall,1,ecmwf,0.196353
Agartala,rainfall,1,gem,0.12819
Agartala,rainfall,1,gfs,0.088049
Agartala,rainfall,1,icon,0.192198
Agartala,rainfall,1,jma,0.203553
Agartala,rainfall,1,ukmo,0.191656
Agartala,rainfall,2,ecmwf,0.182792
Agartala,rainfall,2,gem,0.084319
Agartala,rainfall,2,gfs,0.178229
Agartala,rainfall,2,icon,0.182385
Agartala,rainfall,2,jma,0.1895
Agartala,rainfall,2,ukmo,0.182775
Agartala,rainfall,3,ecmwf,0.183462
Agartala,rainfall,3,gem,0.094775
Agartala,rainfall,3,gfs,0.176382
Agartala,rainfall,3,icon,0.175558
Agartala,rainfall,3,jma,0.185612
Agartala,rainfall,3,ukmo,0.184211
Agartala,temperature,1,ecmwf,0.210878
Agartala,temperature,1,gem,0.143294
Agartala,temperature,1,gfs,0.15742
Agartala,temperature,1,icon,0.171569
Agartala,temperature,1,jma,0.142057
Agartala,temperature,1,ukmo,0.174782
Agartala,temperature,2,ecmwf,0.199049
Agartala,temperature,2,gem,0.135682
Agartala,temperature,2,gfs,0.144408
Agartala,temperature,2,icon,0.178478
Agartala,temperature,2,jma,0.144751
Agartala,temperature,2,ukmo,0.197631
Agartala,temperature,3,ecmwf,0.196649
Agartala,temperature,3,gem,0.135903
Agartala,temperature,3,gfs,0.158121
Agartala,temperature,3,icon,0.171783
Agartala,temperature,3,jma,0.141199
Agartala,temperature,3,ukmo,0.196345
Agartala,wind_speed,1,ecmwf,0.221085
Agartala,wind_speed,1,gem,0.144926
Agartala,wind_speed,1,gfs,0.159204
Agartala,wind_speed,1,icon,0.115413
Agartala,wind_speed,1,jma,0.166499
Agartala,wind_speed,1,ukmo,0.192874
Agartala,wind_speed,2,ecmwf,0.211978
Agartala,wind_speed,2,gem,0.14146
Agartala,wind_speed,2,gfs,0.168446
Agartala,wind_speed,2,icon,0.11464
Agartala,wind_speed,2,jma,0.160163
Agartala,wind_speed,2,ukmo,0.203313
Agartala,wind_speed,3,ecmwf,0.196389
Agartala,wind_speed,3,gem,0.139553
Agartala,wind_speed,3,gfs,0.176085
Agartala,wind_speed,3,icon,0.116638
Agartala,wind_speed,3,jma,0.167625
Agartala,wind_speed,3,ukmo,0.20371
Agra,rainfall,1,ecmwf,0.185687
Agra,rainfall,1,gem,0.164969
Agra,rainfall,1,gfs,0.173894
Agra,rainfall,1,icon,0.190487
Agra,rainfall,1,jma,0.122818
Agra,rainfall,1,ukmo,0.162147
Agra,rainfall,2,ecmwf,0.216705
Agra,rainfall,2,gem,0.1886
Agra,rainfall,2,gfs,0.182945
Agra,rainfall,2,icon,0.098908
Agra,rainfall,2,jma,0.136912
Agra,rainfall,2,ukmo,0.175929
Agra,rainfall,3,ecmwf,0.153349
Agra,rainfall,3,gem,0.150751
Agra,rainfall,3,gfs,0.176585
Agra,rainfall,3,icon,0.122177
Agra,rainfall,3,jma,0.200837
Agra,rainfall,3,ukmo,0.1963
Agra,temperature,1,ecmwf,0.21321
Agra,temperature,1,gem,0.131659
Agra,temperature,1,gfs,0.088076
Agra,temperature,1,icon,0.197725
Agra,temperature,1,jma,0.169785
Agra,temperature,1,ukmo,0.199544
Agra,temperature,2,ecmwf,0.207924
Agra,temperature,2,gem,0.137941
Agra,temperature,2,gfs,0.097788
Agra,temperature,2,icon,0.173048
Agra,temperature,2,jma,0.181537
Agra,temperature,2,ukmo,0.201762
Agra,temperature,3,ecmwf,0.201534
Agra,temperature,3,gem,0.144426
Agra,temperature,3,gfs,0.119662
Agra,temperature,3,icon,0.173401
Agra,temperature,3,jma,0.175432
Agra,temperature,3,ukmo,0.185545
Agra,wind_speed,1,ecmwf,0.200964
Agra,wind_speed,1,gem,0.140602
Agra,wind_speed,1,gfs,0.107402
Agra,wind_speed,1,icon,0.184492
Agra,wind_speed,1,jma,0.172656
Agra,wind_speed,1,ukmo,0.193884
Agra,wind_speed,2,ecmwf,0.199764
Agra,wind_speed,2,gem,0.154041
Agra,wind_speed,2,gfs,0.100737
Agra,wind_speed,2,icon,0.179567
Agra,wind_speed,2,jma,0.166907
Agra,wind_speed,2,ukmo,0.198984
Agra,wind_speed,3,ecmwf,0.205554
Agra,wind_speed,3,gem,0.165039
Agra,wind_speed,3,gfs,0.09497
Agra,wind_speed,3,icon,0.173347
Agra,wind_speed,3,jma,0.171623
Agra,wind_speed,3,ukmo,0.189468
Ahmedabad,rainfall,1,ecmwf,0.167612
Ahmedabad,rainfall,1,gem,0.192105
Ahmedabad,rainfall,1,gfs,0.144483
Ahmedabad,rainfall,1,icon,0.098422
Ahmedabad,rainfall,1,jma,0.215107
Ahmedabad,rainfall,1,ukmo,0.18227
Ahmedabad,rainfall,2,ecmwf,0.167203
Ahmedabad,rainfall,2,gem,0.166613
Ahmedabad,rainfall,2,gfs,0.198351
Ahmedabad,rainfall,2,icon,0.110254
Ahmedabad,rainfall,2,jma,0.191623
Ahmedabad,rainfall,2,ukmo,0.165957
Ahmedabad,rainfall,3,ecmwf,0.153563
Ahmedabad,rainfall,3,gem,0.170165
Ahmedabad,rainfall,3,gfs,0.185335
Ahmedabad,rainfall,3,icon,0.131801
Ahmedabad,rainfall,3,jma,0.193308
Ahmedabad,rainfall,3,ukmo,0.165828
Ahmedabad,temperature,1,ecmwf,0.190036
Ahmedabad,temperature,1,gem,0.122877
Ahmedabad,temperature,1,gfs,0.132371
Ahmedabad,temperature,1,icon,0.207528
Ahmedabad,temperature,1,jma,0.174546
Ahmedabad,temperature,1,ukmo,0.172643
Ahmedabad,temperature,2,ecmwf,0.19128
Ahmedabad,temperature,2,gem,0.122817
Ahmedabad,temperature,2,gfs,0.142242
Ahmedabad,temperature,2,icon,0.186984
Ahmedabad,temperature,2,jma,0.173456
Ahmedabad,temperature,2,ukmo,0.18322
Ahmedabad,temperature,3,ecmwf,0.191017
Ahmedabad,temperature,3,gem,0.12359
Ahmedabad,temperature,3,gfs,0.148026
Ahmedabad,temperature,3,icon,0.186951
Ahmedabad,temperature,3,jma,0.167047
Ahmedabad,temperature,3,ukmo,0.18337
Ahmedabad,wind_speed,1,ecmwf,0.187225
Ahmedabad,wind_speed,1,gem,0.130668
Ahmedabad,wind_speed,1,gfs,0.072301
Ahmedabad,wind_speed,1,icon,0.221601
Ahmedabad,wind_speed,1,jma,0.20688
Ahmedabad,wind_speed,1,ukmo,0.181325
Ahmedabad,wind_speed,2,ecmwf,0.185431
Ahmedabad,wind_speed,2,gem,0.14149
Ahmedabad,wind_speed,2,gfs,0.074409
Ahmedabad,wind_speed,2,icon,0.234825
Ahmedabad,wind_speed,2,jma,0.198371
Ahmedabad,wind_speed,2,ukmo,0.165473
Ahmedabad,wind_speed,3,ecmwf,0.166527
Ahmedabad,wind_speed,3,gem,0.155096
Ahmedabad,wind_speed,3,gfs,0.077491
Ahmedabad,wind_speed,3,icon,0.247108
Ahmedabad,wind_speed,3,jma,0.197651
Ahmedabad,wind_speed,3,ukmo,0.156127
Amritsar,rainfall,1,ecmwf,0.224057
Amritsar,rainfall,1,gem,0.103423
Amritsar,rainfall,1,gfs,0.128736
Amritsar,rainfall,1,icon,0.196247
Amritsar,rainfall,1,jma,0.150663
Amritsar,rainfall,1,ukmo,0.196874
Amritsar,rainfall,2,ecmwf,0.19565
Amritsar,rainfall,2,gem,0.132097
Amritsar,rainfall,2,gfs,0.138208
Amritsar,rainfall,2,icon,0.170722
Amritsar,rainfall,2,jma,0.176572
Amritsar,rainfall,2,ukmo,0.186751
Amritsar,rainfall,3,ecmwf,0.188717
Amritsar,rainfall,3,gem,0.079092
Amritsar,rainfall,3,gfs,0.136224
Amritsar,rainfall,3,icon,0.197292
Amritsar,rainfall,3,jma,0.207149
Amritsar,rainfall,3,ukmo,0.191527
Amritsar,temperature,1,ecmwf,0.252764
Amritsar,temperature,1,gem,0.141265
Amritsar,temperature,1,gfs,0.105183
Amritsar,temperature,1,icon,0.24735
Amritsar,temperature,1,jma,0.110715
Amritsar,temperature,1,ukmo,0.142722
Amritsar,temperature,2,ecmwf,0.246335
Amritsar,temperature,2,gem,0.148535
Amritsar,temperature,2,gfs,0.106823
Amritsar,temperature,2,icon,0.24687
Amritsar,temperature,2,jma,0.129143
Amritsar,temperature,2,ukmo,0.122293
Amritsar,temperature,3,ecmwf,0.233432
Amritsar,temperature,3,gem,0.137259
Amritsar,temperature,3,gfs,0.113506
Amritsar,temperature,3,icon,0.242704
Amritsar,temperature,3,jma,0.158266
Amritsar,temperature,3,ukmo,0.114834
Amritsar,wind_speed,1,ecmwf,0.210267
Amritsar,wind_speed,1,gem,0.126416
Amritsar,wind_speed,1,gfs,0.096485
Amritsar,wind_speed,1,icon,0.20207
Amritsar,wind_speed,1,jma,0.189591
Amritsar,wind_speed,1,ukmo,0.175171
Amritsar,wind_speed,2,ecmwf,0.208534
Amritsar,wind_speed,2,gem,0.128513
Amritsar,wind_speed,2,gfs,0.095558
Amritsar,wind_speed,2,icon,0.198714
Amritsar,wind_speed,2,jma,0.19995
Amritsar,wind_speed,2,ukmo,0.168731
Amritsar,wind_speed,3,ecmwf,0.206683
Amritsar,wind_speed,3,gem,0.132043
Amritsar,wind_speed,3,gfs,0.093283
Amritsar,wind_speed,3,icon,0.204423
Amritsar,wind_speed,3,jma,0.204616
Amritsar,wind_speed,3,ukmo,0.158952
Bengaluru,rainfall,1,ecmwf,0.183169
Bengaluru,rainfall,1,gem,0.154095
Bengaluru,rainfall,1,gfs,0.159867
Bengaluru,rainfall,1,icon,0.169955
Bengaluru,rainfall,1,jma,0.158113
Bengaluru,rainfall,1,ukmo,0.174801
Bengaluru,rainfall,2,ecmwf,0.188676
Bengaluru,rainfall,2,gem,0.150857
Bengaluru,rainfall,2,gfs,0.164171
Bengaluru,rainfall,2,icon,0.170842
Bengaluru,rainfall,2,jma,0.162889
Bengaluru,rainfall,2,ukmo,0.162566
Bengaluru,rainfall,3,ecmwf,0.181037
Bengaluru,rainfall,3,gem,0.147075
Bengaluru,rainfall,3,gfs,0.164512
Bengaluru,rainfall,3,icon,0.174677
Bengaluru,rainfall,3,jma,0.160279
Bengaluru,rainfall,3,ukmo,0.172419
Bengaluru,temperature,1,ecmwf,0.205592
Bengaluru,temperature,1,gem,0.140274
Bengaluru,temperature,1,gfs,0.134572
Bengaluru,temperature,1,icon,0.176236
Bengaluru,temperature,1,jma,0.155138
Bengaluru,temperature,1,ukmo,0.188187
Bengaluru,temperature,2,ecmwf,0.201783
Bengaluru,temperature,2,gem,0.135013
Bengaluru,temperature,2,gfs,0.12862
Bengaluru,temperature,2,icon,0.176856
Bengaluru,temperature,2,jma,0.159119
Bengaluru,temperature,2,ukmo,0.19861
Bengaluru,temperature,3,ecmwf,0.195435
Bengaluru,temperature,3,gem,0.131232
Bengaluru,temperature,3,gfs,0.126407
Bengaluru,temperature,3,icon,0.179354
Bengaluru,temperature,3,jma,0.165577
Bengaluru,temperature,3,ukmo,0.201995
Bengaluru,wind_speed,1,ecmwf,0.189513
Bengaluru,wind_speed,1,gem,0.1001
Bengaluru,wind_speed,1,gfs,0.073527
Bengaluru,wind_speed,1,icon,0.231813
Bengaluru,wind_speed,1,jma,0.251826
Bengaluru,wind_speed,1,ukmo,0.15322
Bengaluru,wind_speed,2,ecmwf,0.17814
Bengaluru,wind_speed,2,gem,0.101367
Bengaluru,wind_speed,2,gfs,0.076176
Bengaluru,wind_speed,2,icon,0.234011
Bengaluru,wind_speed,2,jma,0.247697
Bengaluru,wind_speed,2,ukmo,0.162609
Bengaluru,wind_speed,3,ecmwf,0.173452
Bengaluru,wind_speed,3,gem,0.108285
Bengaluru,wind_speed,3,gfs,0.081342
Bengaluru,wind_speed,3,icon,0.243423
Bengaluru,wind_speed,3,jma,0.246508
Bengaluru,wind_speed,3,ukmo,0.146991
Bhopal,rainfall,1,ecmwf,0.204851
Bhopal,rainfall,1,gem,0.13805
Bhopal,rainfall,1,gfs,0.122533
Bhopal,rainfall,1,icon,0.160278
Bhopal,rainfall,1,jma,0.185408
Bhopal,rainfall,1,ukmo,0.18888
Bhopal,rainfall,2,ecmwf,0.189176
Bhopal,rainfall,2,gem,0.119457
Bhopal,rainfall,2,gfs,0.157892
Bhopal,rainfall,2,icon,0.172601
Bhopal,rainfall,2,jma,0.179934
Bhopal,rainfall,2,ukmo,0.180941
Bhopal,rainfall,3,ecmwf,0.134819
Bhopal,rainfall,3,gem,0.142001
Bhopal,rainfall,3,gfs,0.206529
Bhopal,rainfall,3,icon,0.12976
Bhopal,rainfall,3,jma,0.198496
Bhopal,rainfall,3,ukmo,0.188395
Bhopal,temperature,1,ecmwf,0.212432
Bhopal,temperature,1,gem,0.155717
Bhopal,temperature,1,gfs,0.122435
Bhopal,temperature,1,icon,0.177094
Bhopal,temperature,1,jma,0.151185
Bhopal,temperature,1,ukmo,0.181137
Bhopal,temperature,2,ecmwf,0.218888
Bhopal,temperature,2,gem,0.163684
Bhopal,temperature,2,gfs,0.107808
Bhopal,temperature,2,icon,0.149529
Bhopal,temperature,2,jma,0.163511
Bhopal,temperature,2,ukmo,0.196579
Bhopal,temperature,3,ecmwf,0.218486
Bhopal,temperature,3,gem,0.159679
Bhopal,temperature,3,gfs,0.117236
Bhopal,temperature,3,icon,0.136426
Bhopal,temperature,3,jma,0.181244
Bhopal,temperature,3,ukmo,0.186929
Bhopal,wind_speed,1,ecmwf,0.215236
Bhopal,wind_speed,1,gem,0.129285
Bhopal,wind_speed,1,gfs,0.094028
Bhopal,wind_speed,1,icon,0.204637
Bhopal,wind_speed,1,jma,0.147802
Bhopal,wind_speed,1,ukmo,0.209012
Bhopal,wind_speed,2,ecmwf,0.223636
Bhopal,wind_speed,2,gem,0.122283
Bhopal,wind_speed,2,gfs,0.096552
Bhopal,wind_speed,2,icon,0.210933
Bhopal,wind_speed,2,jma,0.145316
Bhopal,wind_speed,2,ukmo,0.20128
Bhopal,wind_speed,3,ecmwf,0.205497
Bhopal,wind_speed,3,gem,0.132032
Bhopal,wind_speed,3,gfs,0.108737
Bhopal,wind_speed,3,icon,0.206686
Bhopal,wind_speed,3,jma,0.157406
Bhopal,wind_speed,3,ukmo,0.189641
Bhubaneswar,rainfall,1,ecmwf,0.180807
Bhubaneswar,rainfall,1,gem,0.127618
Bhubaneswar,rainfall,1,gfs,0.153625
Bhubaneswar,rainfall,1,icon,0.182925
Bhubaneswar,rainfall,1,jma,0.184259
Bhubaneswar,rainfall,1,ukmo,0.170766
Bhubaneswar,rainfall,2,ecmwf,0.198835
Bhubaneswar,rainfall,2,gem,0.148561
Bhubaneswar,rainfall,2,gfs,0.163064
Bhubaneswar,rainfall,2,icon,0.154047
Bhubaneswar,rainfall,2,jma,0.175584
Bhubaneswar,rainfall,2,ukmo,0.159909
Bhubaneswar,rainfall,3,ecmwf,0.179827
Bhubaneswar,rainfall,3,gem,0.13089
Bhubaneswar,rainfall,3,gfs,0.171144
Bhubaneswar,rainfall,3,icon,0.176189
Bhubaneswar,rainfall,3,jma,0.181439
Bhubaneswar,rainfall,3,ukmo,0.160512
Bhubaneswar,temperature,1,ecmwf,0.207431
Bhubaneswar,temperature,1,gem,0.118736
Bhubaneswar,temperature,1,gfs,0.136147
Bhubaneswar,temperature,1,icon,0.193427
Bhubaneswar,temperature,1,jma,0.165667
Bhubaneswar,temperature,1,ukmo,0.178592
Bhubaneswar,temperature,2,ecmwf,0.178586
Bhubaneswar,temperature,2,gem,0.130371
Bhubaneswar,temperature,2,gfs,0.14972
Bhubaneswar,temperature,2,icon,0.187737
Bhubaneswar,temperature,2,jma,0.179564
Bhubaneswar,temperature,2,ukmo,0.174022
Bhubaneswar,temperature,3,ecmwf,0.190318
Bhubaneswar,temperature,3,gem,0.131032
Bhubaneswar,temperature,3,gfs,0.137749
Bhubaneswar,temperature,3,icon,0.18185
Bhubaneswar,temperature,3,jma,0.183862
Bhubaneswar,temperature,3,ukmo,0.17519
Bhubaneswar,wind_speed,1,ecmwf,0.210522
Bhubaneswar,wind_speed,1,gem,0.151432
Bhubaneswar,wind_speed,1,gfs,0.152774
Bhubaneswar,wind_speed,1,icon,0.129121
Bhubaneswar,wind_speed,1,jma,0.133296
Bhubaneswar,wind_speed,1,ukmo,0.222855
Bhubaneswar,wind_speed,2,ecmwf,0.204518
Bhubaneswar,wind_speed,2,gem,0.146598
Bhubaneswar,wind_speed,2,gfs,0.151377
Bhubaneswar,wind_speed,2,icon,0.141215
Bhubaneswar,wind_speed,2,jma,0.139709
Bhubaneswar,wind_speed,2,ukmo,0.216583
Bhubaneswar,wind_speed,3,ecmwf,0.175853
Bhubaneswar,wind_speed,3,gem,0.15981
Bhubaneswar,wind_speed,3,gfs,0.158541
Bhubaneswar,wind_speed,3,icon,0.14032
Bhubaneswar,wind_speed,3,jma,0.135213
Bhubaneswar,wind_speed,3,ukmo,0.230264
Chandigarh,rainfall,1,ecmwf,0.206438
Chandigarh,rainfall,1,gem,0.075797
Chandigarh,rainfall,1,gfs,0.1933
Chandigarh,rainfall,1,icon,0.135428
Chandigarh,rainfall,1,jma,0.206847
Chandigarh,rainfall,1,ukmo,0.18219
Chandigarh,rainfall,2,ecmwf,0.167748
Chandigarh,rainfall,2,gem,0.133237
Chandigarh,rainfall,2,gfs,0.170386
Chandigarh,rainfall,2,icon,0.155404
Chandigarh,rainfall,2,jma,0.205189
Chandigarh,rainfall,2,ukmo,0.168035
Chandigarh,rainfall,3,ecmwf,0.150286
Chandigarh,rainfall,3,gem,0.117576
Chandigarh,rainfall,3,gfs,0.131546
Chandigarh,rainfall,3,icon,0.188036
Chandigarh,rainfall,3,jma,0.228569
Chandigarh,rainfall,3,ukmo,0.183987
Chandigarh,temperature,1,ecmwf,0.224551
Chandigarh,temperature,1,gem,0.12825
Chandigarh,temperature,1,gfs,0.125006
Chandigarh,temperature,1,icon,0.168804
Chandigarh,temperature,1,jma,0.146465
Chandigarh,temperature,1,ukmo,0.206924
Chandigarh,temperature,2,ecmwf,0.212247
Chandigarh,temperature,2,gem,0.123564
Chandigarh,temperature,2,gfs,0.119549
Chandigarh,temperature,2,icon,0.196633
Chandigarh,temperature,2,jma,0.153643
Chandigarh,temperature,2,ukmo,0.194364
Chandigarh,temperature,3,ecmwf,0.200894
Chandigarh,temperature,3,gem,0.115625
Chandigarh,temperature,3,gfs,0.133929
Chandigarh,temperature,3,icon,0.189195
Chandigarh,temperature,3,jma,0.16518
Chandigarh,temperature,3,ukmo,0.195176
Chandigarh,wind_speed,1,ecmwf,0.193812
Chandigarh,wind_speed,1,gem,0.144112
Chandigarh,wind_speed,1,gfs,0.120104
Chandigarh,wind_speed,1,icon,0.172651
Chandigarh,wind_speed,1,jma,0.176282
Chandigarh,wind_speed,1,ukmo,0.193041
Chandigarh,wind_speed,2,ecmwf,0.187888
Chandigarh,wind_speed,2,gem,0.145469
Chandigarh,wind_speed,2,gfs,0.109064
Chandigarh,wind_speed,2,icon,0.179286
Chandigarh,wind_speed,2,jma,0.187672
Chandigarh,wind_speed,2,ukmo,0.19062
Chandigarh,wind_speed,3,ecmwf,0.187349
Chandigarh,wind_speed,3,gem,0.140851
Chandigarh,wind_speed,3,gfs,0.10785
Chandigarh,wind_speed,3,icon,0.184632
Chandigarh,wind_speed,3,jma,0.187728
Chandigarh,wind_speed,3,ukmo,0.19159
Chennai,rainfall,1,ecmwf,0.15357
Chennai,rainfall,1,gem,0.173342
Chennai,rainfall,1,gfs,0.174537
Chennai,rainfall,1,icon,0.177715
Chennai,rainfall,1,jma,0.153993
Chennai,rainfall,1,ukmo,0.166843
Chennai,rainfall,2,ecmwf,0.152006
Chennai,rainfall,2,gem,0.180083
Chennai,rainfall,2,gfs,0.177525
Chennai,rainfall,2,icon,0.167469
Chennai,rainfall,2,jma,0.156261
Chennai,rainfall,2,ukmo,0.166656
Chennai,rainfall,3,ecmwf,0.166869
Chennai,rainfall,3,gem,0.160418
Chennai,rainfall,3,gfs,0.182507
Chennai,rainfall,3,icon,0.175702
Chennai,rainfall,3,jma,0.139438
Chennai,rainfall,3,ukmo,0.175066
Chennai,temperature,1,ecmwf,0.199953
Chennai,temperature,1,gem,0.160402
Chennai,temperature,1,gfs,0.124006
Chennai,temperature,1,icon,0.188671
Chennai,temperature,1,jma,0.136501
Chennai,temperature,1,ukmo,0.190467
Chennai,temperature,2,ecmwf,0.202679
Chennai,temperature,2,gem,0.163581
Chennai,temperature,2,gfs,0.126956
Chennai,temperature,2,icon,0.181248
Chennai,temperature,2,jma,0.138804
Chennai,temperature,2,ukmo,0.186733
Chennai,temperature,3,ecmwf,0.193193
Chennai,temperature,3,gem,0.172045
Chennai,temperature,3,gfs,0.135772
Chennai,temperature,3,icon,0.174351
Chennai,temperature,3,jma,0.140059
Chennai,temperature,3,ukmo,0.18458
Chennai,wind_speed,1,ecmwf,0.259019
Chennai,wind_speed,1,gem,0.158342
Chennai,wind_speed,1,gfs,0.119112
Chennai,wind_speed,1,icon,0.221768
Chennai,wind_speed,1,jma,0.082346
Chennai,wind_speed,1,ukmo,0.159413
Chennai,wind_speed,2,ecmwf,0.260902
Chennai,wind_speed,2,gem,0.150545
Chennai,wind_speed,2,gfs,0.125754
Chennai,wind_speed,2,icon,0.222939
Chennai,wind_speed,2,jma,0.084435
Chennai,wind_speed,2,ukmo,0.155425
Chennai,wind_speed,3,ecmwf,0.249262
Chennai,wind_speed,3,gem,0.150462
Chennai,wind_speed,3,gfs,0.131397
Chennai,wind_speed,3,icon,0.223787
Chennai,wind_speed,3,jma,0.081532
Chennai,wind_speed,3,ukmo,0.16356
Coimbatore,rainfall,1,ecmwf,0.181274
Coimbatore,rainfall,1,gem,0.162372
Coimbatore,rainfall,1,gfs,0.161531
Coimbatore,rainfall,1,icon,0.162049
Coimbatore,rainfall,1,jma,0.164769
Coimbatore,rainfall,1,ukmo,0.168006
Coimbatore,rainfall,2,ecmwf,0.161897
Coimbatore,rainfall,2,gem,0.168988
Coimbatore,rainfall,2,gfs,0.166733
Coimbatore,rainfall,2,icon,0.16724
Coimbatore,rainfall,2,jma,0.16904
Coimbatore,rainfall,2,ukmo,0.166103
Coimbatore,rainfall,3,ecmwf,0.176977
Coimbatore,rainfall,3,gem,0.163923
Coimbatore,rainfall,3,gfs,0.166027
Coimbatore,rainfall,3,icon,0.164198
Coimbatore,rainfall,3,jma,0.164249
Coimbatore,rainfall,3,ukmo,0.164627
Coimbatore,temperature,1,ecmwf,0.201228
Coimbatore,temperature,1,gem,0.184027
Coimbatore,temperature,1,gfs,0.155151
Coimbatore,temperature,1,icon,0.174821
Coimbatore,temperature,1,jma,0.165815
Coimbatore,temperature,1,ukmo,0.118959
Coimbatore,temperature,2,ecmwf,0.202656
Coimbatore,temperature,2,gem,0.200338
Coimbatore,temperature,2,gfs,0.138146
Coimbatore,temperature,2,icon,0.17584
Coimbatore,temperature,2,jma,0.158937
Coimbatore,temperature,2,ukmo,0.124083
Coimbatore,temperature,3,ecmwf,0.202419
Coimbatore,temperature,3,gem,0.197018
Coimbatore,temperature,3,gfs,0.136283
Coimbatore,temperature,3,icon,0.185322
Coimbatore,temperature,3,jma,0.162174
Coimbatore,temperature,3,ukmo,0.116785
Coimbatore,wind_speed,1,ecmwf,0.275445
Coimbatore,wind_speed,1,gem,0.072849
Coimbatore,wind_speed,1,gfs,0.145007
Coimbatore,wind_speed,1,icon,0.177286
Coimbatore,wind_speed,1,jma,0.237868
Coimbatore,wind_speed,1,ukmo,0.091544
Coimbatore,wind_speed,2,ecmwf,0.265979
Coimbatore,wind_speed,2,gem,0.076178
Coimbatore,wind_speed,2,gfs,0.156904
Coimbatore,wind_speed,2,icon,0.185296
Coimbatore,wind_speed,2,jma,0.213279
Coimbatore,wind_speed,2,ukmo,0.102364
Coimbatore,wind_speed,3,ecmwf,0.25641
Coimbatore,wind_speed,3,gem,0.077697
Coimbatore,wind_speed,3,gfs,0.170887
Coimbatore,wind_speed,3,icon,0.183542
Coimbatore,wind_speed,3,jma,0.210584
Coimbatore,wind_speed,3,ukmo,0.100881
Dehradun,rainfall,1,ecmwf,0.225925
Dehradun,rainfall,1,gem,0.141783
Dehradun,rainfall,1,gfs,0.210014
Dehradun,rainfall,1,icon,0.148807
Dehradun,rainfall,1,jma,0.147957
Dehradun,rainfall,1,ukmo,0.125514
Dehradun,rainfall,2,ecmwf,0.213822
Dehradun,rainfall,2,gem,0.138337
Dehradun,rainfall,2,gfs,0.208342
Dehradun,rainfall,2,icon,0.200983
Dehradun,rainfall,2,jma,0.104291
Dehradun,rainfall,2,ukmo,0.134226
Dehradun,rainfall,3,ecmwf,0.165787
Dehradun,rainfall,3,gem,0.163193
Dehradun,rainfall,3,gfs,0.170133
Dehradun,rainfall,3,icon,0.188799
Dehradun,rainfall,3,jma,0.186435
Dehradun,rainfall,3,ukmo,0.125654
Dehradun,temperature,1,ecmwf,0.185261
Dehradun,temperature,1,gem,0.182551
Dehradun,temperature,1,gfs,0.135917
Dehradun,temperature,1,icon,0.175896
Dehradun,temperature,1,jma,0.147719
Dehradun,temperature,1,ukmo,0.172656
Dehradun,temperature,2,ecmwf,0.180785
Dehradun,temperature,2,gem,0.167826
Dehradun,temperature,2,gfs,0.126843
Dehradun,temperature,2,icon,0.197831
Dehradun,temperature,2,jma,0.156793
Dehradun,temperature,2,ukmo,0.169922
Dehradun,temperature,3,ecmwf,0.176849
Dehradun,temperature,3,gem,0.163184
Dehradun,temperature,3,gfs,0.140647
Dehradun,temperature,3,icon,0.191846
Dehradun,temperature,3,jma,0.153215
Dehradun,temperature,3,ukmo,0.174259
Dehradun,wind_speed,1,ecmwf,0.18871
Dehradun,wind_speed,1,gem,0.164168
Dehradun,wind_speed,1,gfs,0.14131
Dehradun,wind_speed,1,icon,0.191888
Dehradun,wind_speed,1,jma,0.166079
Dehradun,wind_speed,1,ukmo,0.147846
Dehradun,wind_speed,2,ecmwf,0.18558
Dehradun,wind_speed,2,gem,0.163745
Dehradun,wind_speed,2,gfs,0.144188
Dehradun,wind_speed,2,icon,0.187004
Dehradun,wind_speed,2,jma,0.166423
Dehradun,wind_speed,2,ukmo,0.15306
Dehradun,wind_speed,3,ecmwf,0.187941
Dehradun,wind_speed,3,gem,0.175342
Dehradun,wind_speed,3,gfs,0.14452
Dehradun,wind_speed,3,icon,0.187796
Dehradun,wind_speed,3,jma,0.161183
Dehradun,wind_speed,3,ukmo,0.143218
Delhi,rainfall,1,ecmwf,0.197946
Delhi,rainfall,1,gem,0.108045
Delhi,rainfall,1,gfs,0.187947
Delhi,rainfall,1,icon,0.147311
Delhi,rainfall,1,jma,0.199328
Delhi,rainfall,1,ukmo,0.159423
Delhi,rainfall,2,ecmwf,0.175489
Delhi,rainfall,2,gem,0.16511
Delhi,rainfall,2,gfs,0.170543
Delhi,rainfall,2,icon,0.156615
Delhi,rainfall,2,jma,0.173359
Delhi,rainfall,2,ukmo,0.158884
Delhi,rainfall,3,ecmwf,0.191697
Delhi,rainfall,3,gem,0.150646
Delhi,rainfall,3,gfs,0.116748
Delhi,rainfall,3,icon,0.173644
Delhi,rainfall,3,jma,0.184097
Delhi,rainfall,3,ukmo,0.183168
Delhi,temperature,1,ecmwf,0.244504
Delhi,temperature,1,gem,0.16876
Delhi,temperature,1,gfs,0.069356
Delhi,temperature,1,icon,0.248518
Delhi,temperature,1,jma,0.134568
Delhi,temperature,1,ukmo,0.134295
Delhi,temperature,2,ecmwf,0.223649
Delhi,temperature,2,gem,0.179845
Delhi,temperature,2,gfs,0.074704
Delhi,temperature,2,icon,0.237172
Delhi,temperature,2,jma,0.158997
Delhi,temperature,2,ukmo,0.125632
Delhi,temperature,3,ecmwf,0.249034
Delhi,temperature,3,gem,0.163191
Delhi,temperature,3,gfs,0.082786
Delhi,temperature,3,icon,0.210245
Delhi,temperature,3,jma,0.170829
Delhi,temperature,3,ukmo,0.123915
Delhi,wind_speed,1,ecmwf,0.211891
Delhi,wind_speed,1,gem,0.13745
Delhi,wind_speed,1,gfs,0.089369
Delhi,wind_speed,1,icon,0.203079
Delhi,wind_speed,1,jma,0.184979
Delhi,wind_speed,1,ukmo,0.173232
Delhi,wind_speed,2,ecmwf,0.211274
Delhi,wind_speed,2,gem,0.143124
Delhi,wind_speed,2,gfs,0.092111
Delhi,wind_speed,2,icon,0.200026
Delhi,wind_speed,2,jma,0.180784
Delhi,wind_speed,2,ukmo,0.172681
Delhi,wind_speed,3,ecmwf,0.206049
Delhi,wind_speed,3,gem,0.146552
Delhi,wind_speed,3,gfs,0.093141
Delhi,wind_speed,3,icon,0.194394
Delhi,wind_speed,3,jma,0.189136
Delhi,wind_speed,3,ukmo,0.170728
Ghaziabad,rainfall,1,ecmwf,0.234857
Ghaziabad,rainfall,1,gem,0.099714
Ghaziabad,rainfall,1,gfs,0.083004
Ghaziabad,rainfall,1,icon,0.156082
Ghaziabad,rainfall,1,jma,0.232455
Ghaziabad,rainfall,1,ukmo,0.193889
Ghaziabad,rainfall,2,ecmwf,0.134904
Ghaziabad,rainfall,2,gem,0.177416
Ghaziabad,rainfall,2,gfs,0.13887
Ghaziabad,rainfall,2,icon,0.146553
Ghaziabad,rainfall,2,jma,0.201087
Ghaziabad,rainfall,2,ukmo,0.201169
Ghaziabad,rainfall,3,ecmwf,0.185188
Ghaziabad,rainfall,3,gem,0.13076
Ghaziabad,rainfall,3,gfs,0.113457
Ghaziabad,rainfall,3,icon,0.175747
Ghaziabad,rainfall,3,jma,0.196056
Ghaziabad,rainfall,3,ukmo,0.198792
Ghaziabad,temperature,1,ecmwf,0.223305
Ghaziabad,temperature,1,gem,0.141787
Ghaziabad,temperature,1,gfs,0.069991
Ghaziabad,temperature,1,icon,0.222611
Ghaziabad,temperature,1,jma,0.126682
Ghaziabad,temperature,1,ukmo,0.215624
Ghaziabad,temperature,2,ecmwf,0.196439
Ghaziabad,temperature,2,gem,0.160529
Ghaziabad,temperature,2,gfs,0.076348
Ghaziabad,temperature,2,icon,0.219223
Ghaziabad,temperature,2,jma,0.155647
Ghaziabad,temperature,2,ukmo,0.191813
Ghaziabad,temperature,3,ecmwf,0.223181
Ghaziabad,temperature,3,gem,0.144447
Ghaziabad,temperature,3,gfs,0.084
Ghaziabad,temperature,3,icon,0.204523
Ghaziabad,temperature,3,jma,0.163179
Ghaziabad,temperature,3,ukmo,0.180669
Ghaziabad,wind_speed,1,ecmwf,0.203776
Ghaziabad,wind_speed,1,gem,0.126555
Ghaziabad,wind_speed,1,gfs,0.124576
Ghaziabad,wind_speed,1,icon,0.186314
Ghaziabad,wind_speed,1,jma,0.179552
Ghaziabad,wind_speed,1,ukmo,0.179227
Ghaziabad,wind_speed,2,ecmwf,0.191909
Ghaziabad,wind_speed,2,gem,0.131893
Ghaziabad,wind_speed,2,gfs,0.127682
Ghaziabad,wind_speed,2,icon,0.193249
Ghaziabad,wind_speed,2,jma,0.179613
Ghaziabad,wind_speed,2,ukmo,0.175655
Ghaziabad,wind_speed,3,ecmwf,0.187618
Ghaziabad,wind_speed,3,gem,0.131323
Ghaziabad,wind_speed,3,gfs,0.123417
Ghaziabad,wind_speed,3,icon,0.185886
Ghaziabad,wind_speed,3,jma,0.190873
Ghaziabad,wind_speed,3,ukmo,0.180881
Goa,rainfall,1,ecmwf,0.188758
Goa,rainfall,1,gem,0.155144
Goa,rainfall,1,gfs,0.183988
Goa,rainfall,1,icon,0.177968
Goa,rainfall,1,jma,0.197321
Goa,rainfall,1,ukmo,0.096822
Goa,rainfall,2,ecmwf,0.185164
Goa,rainfall,2,gem,0.153708
Goa,rainfall,2,gfs,0.191565
Goa,rainfall,2,icon,0.18139
Goa,rainfall,2,jma,0.195827
Goa,rainfall,2,ukmo,0.092346
Goa,rainfall,3,ecmwf,0.181154
Goa,rainfall,3,gem,0.158661
Goa,rainfall,3,gfs,0.197529
Goa,rainfall,3,icon,0.178889
Goa,rainfall,3,jma,0.184295
Goa,rainfall,3,ukmo,0.099472
Goa,temperature,1,ecmwf,0.171479
Goa,temperature,1,gem,0.137583
Goa,temperature,1,gfs,0.194248
Goa,temperature,1,icon,0.167462
Goa,temperature,1,jma,0.180641
Goa,temperature,1,ukmo,0.148587
Goa,temperature,2,ecmwf,0.175553
Goa,temperature,2,gem,0.140343
Goa,temperature,2,gfs,0.182476
Goa,temperature,2,icon,0.168532
Goa,temperature,2,jma,0.177701
Goa,temperature,2,ukmo,0.155395
Goa,temperature,3,ecmwf,0.166967
Goa,temperature,3,gem,0.140637
Goa,temperature,3,gfs,0.196424
Goa,temperature,3,icon,0.170566
Goa,temperature,3,jma,0.175246
Goa,temperature,3,ukmo,0.15016
Goa,wind_speed,1,ecmwf,0.142286
Goa,wind_speed,1,gem,0.164574
Goa,wind_speed,1,gfs,0.139086
Goa,wind_speed,1,icon,0.170596
Goa,wind_speed,1,jma,0.184137
Goa,wind_speed,1,ukmo,0.199322
Goa,wind_speed,2,ecmwf,0.140954
Goa,wind_speed,2,gem,0.172503
Goa,wind_speed,2,gfs,0.134412
Goa,wind_speed,2,icon,0.181383
Goa,wind_speed,2,jma,0.18576
Goa,wind_speed,2,ukmo,0.184988
Goa,wind_speed,3,ecmwf,0.128634
Goa,wind_speed,3,gem,0.181319
Goa,wind_speed,3,gfs,0.145792
Goa,wind_speed,3,icon,0.180181
Goa,wind_speed,3,jma,0.191537
Goa,wind_speed,3,ukmo,0.172537
Guwahati,rainfall,1,ecmwf,0.195419
Guwahati,rainfall,1,gem,0.120796
Guwahati,rainfall,1,gfs,0.182338
Guwahati,rainfall,1,icon,0.135589
Guwahati,rainfall,1,jma,0.187063
Guwahati,rainfall,1,ukmo,0.178793
Guwahati,rainfall,2,ecmwf,0.17591
Guwahati,rainfall,2,gem,0.15268
Guwahati,rainfall,2,gfs,0.166353
Guwahati,rainfall,2,icon,0.150317
Guwahati,rainfall,2,jma,0.180846
Guwahati,rainfall,2,ukmo,0.173894
Guwahati,rainfall,3,ecmwf,0.182282
Guwahati,rainfall,3,gem,0.139381
Guwahati,rainfall,3,gfs,0.150943
Guwahati,rainfall,3,icon,0.159205
Guwahati,rainfall,3,jma,0.201705
Guwahati,rainfall,3,ukmo,0.166484
Guwahati,temperature,1,ecmwf,0.22614
Guwahati,temperature,1,gem,0.151546
Guwahati,temperature,1,gfs,0.164505
Guwahati,temperature,1,icon,0.172568
Guwahati,temperature,1,jma,0.194541
Guwahati,temperature,1,ukmo,0.0907
Guwahati,temperature,2,ecmwf,0.202693
Guwahati,temperature,2,gem,0.170467
Guwahati,temperature,2,gfs,0.160482
Guwahati,temperature,2,icon,0.195416
Guwahati,temperature,2,jma,0.177514
Guwahati,temperature,2,ukmo,0.093427
Guwahati,temperature,3,ecmwf,0.209286
Guwahati,temperature,3,gem,0.155628
Guwahati,temperature,3,gfs,0.159941
Guwahati,temperature,3,icon,0.188888
Guwahati,temperature,3,jma,0.187452
Guwahati,temperature,3,ukmo,0.098806
Guwahati,wind_speed,1,ecmwf,0.174894
Guwahati,wind_speed,1,gem,0.162435
Guwahati,wind_speed,1,gfs,0.172395
Guwahati,wind_speed,1,icon,0.181061
Guwahati,wind_speed,1,jma,0.168551
Guwahati,wind_speed,1,ukmo,0.140666
Guwahati,wind_speed,2,ecmwf,0.162885
Guwahati,wind_speed,2,gem,0.166327
Guwahati,wind_speed,2,gfs,0.170799
Guwahati,wind_speed,2,icon,0.194241
Guwahati,wind_speed,2,jma,0.1767
Guwahati,wind_speed,2,ukmo,0.129049
Guwahati,wind_speed,3,ecmwf,0.170055
Guwahati,wind_speed,3,gem,0.172154
Guwahati,wind_speed,3,gfs,0.170717
Guwahati,wind_speed,3,icon,0.177481
Guwahati,wind_speed,3,jma,0.176331
Guwahati,wind_speed,3,ukmo,0.133262
Hyderabad,rainfall,1,ecmwf,0.180805
Hyderabad,rainfall,1,gem,0.134023
Hyderabad,rainfall,1,gfs,0.174389
Hyderabad,rainfall,1,icon,0.177125
Hyderabad,rainfall,1,jma,0.173448
Hyderabad,rainfall,1,ukmo,0.160211
Hyderabad,rainfall,2,ecmwf,0.18344
Hyderabad,rainfall,2,gem,0.106344
Hyderabad,rainfall,2,gfs,0.181607
Hyderabad,rainfall,2,icon,0.172712
Hyderabad,rainfall,2,jma,0.185682
Hyderabad,rainfall,2,ukmo,0.170215
Hyderabad,rainfall,3,ecmwf,0.174192
Hyderabad,rainfall,3,gem,0.121144
Hyderabad,rainfall,3,gfs,0.174485
Hyderabad,rainfall,3,icon,0.17709
Hyderabad,rainfall,3,jma,0.176676
Hyderabad,rainfall,3,ukmo,0.176413
Hyderabad,temperature,1,ecmwf,0.237723
Hyderabad,temperature,1,gem,0.132379
Hyderabad,temperature,1,gfs,0.15941
Hyderabad,temperature,1,icon,0.215688
Hyderabad,temperature,1,jma,0.122559
Hyderabad,temperature,1,ukmo,0.132241
Hyderabad,temperature,2,ecmwf,0.228459
Hyderabad,temperature,2,gem,0.129813
Hyderabad,temperature,2,gfs,0.162639
Hyderabad,temperature,2,icon,0.217776
Hyderabad,temperature,2,jma,0.128545
Hyderabad,temperature,2,ukmo,0.132768
Hyderabad,temperature,3,ecmwf,0.227963
Hyderabad,temperature,3,gem,0.131343
Hyderabad,temperature,3,gfs,0.159544
Hyderabad,temperature,3,icon,0.216056
Hyderabad,temperature,3,jma,0.132689
Hyderabad,temperature,3,ukmo,0.132406
Hyderabad,wind_speed,1,ecmwf,0.216971
Hyderabad,wind_speed,1,gem,0.099888
Hyderabad,wind_speed,1,gfs,0.083004
Hyderabad,wind_speed,1,icon,0.249332
Hyderabad,wind_speed,1,jma,0.16216
Hyderabad,wind_speed,1,ukmo,0.188644
Hyderabad,wind_speed,2,ecmwf,0.208454
Hyderabad,wind_speed,2,gem,0.105787
Hyderabad,wind_speed,2,gfs,0.089389
Hyderabad,wind_speed,2,icon,0.249219
Hyderabad,wind_speed,2,jma,0.169772
Hyderabad,wind_speed,2,ukmo,0.177379
Hyderabad,wind_speed,3,ecmwf,0.198428
Hyderabad,wind_speed,3,gem,0.117113
Hyderabad,wind_speed,3,gfs,0.09733
Hyderabad,wind_speed,3,icon,0.256461
Hyderabad,wind_speed,3,jma,0.157143
Hyderabad,wind_speed,3,ukmo,0.173525
Imphal,rainfall,1,ecmwf,0.198998
Imphal,rainfall,1,gem,0.151781
Imphal,rainfall,1,gfs,0.158206
Imphal,rainfall,1,icon,0.098988
Imphal,rainfall,1,jma,0.193358
Imphal,rainfall,1,ukmo,0.19867
Imphal,rainfall,2,ecmwf,0.205006
Imphal,rainfall,2,gem,0.146179
Imphal,rainfall,2,gfs,0.132753
Imphal,rainfall,2,icon,0.128174
Imphal,rainfall,2,jma,0.236789
Imphal,rainfall,2,ukmo,0.1511
Imphal,rainfall,3,ecmwf,0.147252
Imphal,rainfall,3,gem,0.137091
Imphal,rainfall,3,gfs,0.132477
Imphal,rainfall,3,icon,0.192966
Imphal,rainfall,3,jma,0.197246
Imphal,rainfall,3,ukmo,0.192966
Imphal,temperature,1,ecmwf,0.240268
Imphal,temperature,1,gem,0.126881
Imphal,temperature,1,gfs,0.094226
Imphal,temperature,1,icon,0.176067
Imphal,temperature,1,jma,0.18976
Imphal,temperature,1,ukmo,0.172798
Imphal,temperature,2,ecmwf,0.188075
Imphal,temperature,2,gem,0.137305
Imphal,temperature,2,gfs,0.096854
Imphal,temperature,2,icon,0.192681
Imphal,temperature,2,jma,0.194693
Imphal,temperature,2,ukmo,0.190392
Imphal,temperature,3,ecmwf,0.178699
Imphal,temperature,3,gem,0.131463
Imphal,temperature,3,gfs,0.099098
Imphal,temperature,3,icon,0.199734
Imphal,temperature,3,jma,0.200458
Imphal,temperature,3,ukmo,0.190549
Imphal,wind_speed,1,ecmwf,0.191195
Imphal,wind_speed,1,gem,0.150941
Imphal,wind_speed,1,gfs,0.176366
Imphal,wind_speed,1,icon,0.177249
Imphal,wind_speed,1,jma,0.18027
Imphal,wind_speed,1,ukmo,0.123979
Imphal,wind_speed,2,ecmwf,0.185221
Imphal,wind_speed,2,gem,0.155826
Imphal,wind_speed,2,gfs,0.162163
Imphal,wind_speed,2,icon,0.177605
Imphal,wind_speed,2,jma,0.186902
Imphal,wind_speed,2,ukmo,0.132283
Imphal,wind_speed,3,ecmwf,0.175638
Imphal,wind_speed,3,gem,0.152542
Imphal,wind_speed,3,gfs,0.168545
Imphal,wind_speed,3,icon,0.187608
Imphal,wind_speed,3,jma,0.189235
Imphal,wind_speed,3,ukmo,0.126432
Indore,rainfall,1,ecmwf,0.194874
Indore,rainfall,1,gem,0.165543
Indore,rainfall,1,gfs,0.170721
Indore,rainfall,1,icon,0.124639
Indore,rainfall,1,jma,0.170426
Indore,rainfall,1,ukmo,0.173796
Indore,rainfall,2,ecmwf,0.178275
Indore,rainfall,2,gem,0.154782
Indore,rainfall,2,gfs,0.18294
Indore,rainfall,2,icon,0.133977
Indore,rainfall,2,jma,0.181575
Indore,rainfall,2,ukmo,0.168451
Indore,rainfall,3,ecmwf,0.107535
Indore,rainfall,3,gem,0.166103
Indore,rainfall,3,gfs,0.199539
Indore,rainfall,3,icon,0.132579
Indore,rainfall,3,jma,0.214824
Indore,rainfall,3,ukmo,0.17942
Indore,temperature,1,ecmwf,0.246051
Indore,temperature,1,gem,0.152084
Indore,temperature,1,gfs,0.105899
Indore,temperature,1,icon,0.155792
Indore,temperature,1,jma,0.158596
Indore,temperature,1,ukmo,0.181578
Indore,temperature,2,ecmwf,0.219752
Indore,temperature,2,gem,0.152983
Indore,temperature,2,gfs,0.110709
Indore,temperature,2,icon,0.159174
Indore,temperature,2,jma,0.157991
Indore,temperature,2,ukmo,0.199391
Indore,temperature,3,ecmwf,0.204575
Indore,temperature,3,gem,0.158403
Indore,temperature,3,gfs,0.128139
Indore,temperature,3,icon,0.152529
Indore,temperature,3,jma,0.172883
Indore,temperature,3,ukmo,0.183472
Indore,wind_speed,1,ecmwf,0.208338
Indore,wind_speed,1,gem,0.14052
Indore,wind_speed,1,gfs,0.082833
Indore,wind_speed,1,icon,0.223085
Indore,wind_speed,1,jma,0.108712
Indore,wind_speed,1,ukmo,0.236513
Indore,wind_speed,2,ecmwf,0.190695
Indore,wind_speed,2,gem,0.142589
Indore,wind_speed,2,gfs,0.092691
Indore,wind_speed,2,icon,0.230977
Indore,wind_speed,2,jma,0.119536
Indore,wind_speed,2,ukmo,0.223511
Indore,wind_speed,3,ecmwf,0.168613
Indore,wind_speed,3,gem,0.155463
Indore,wind_speed,3,gfs,0.100218
Indore,wind_speed,3,icon,0.240088
Indore,wind_speed,3,jma,0.130218
Indore,wind_speed,3,ukmo,0.205401
Jabalpur,rainfall,1,ecmwf,0.160468
Jabalpur,rainfall,1,gem,0.131925
Jabalpur,rainfall,1,gfs,0.168483
Jabalpur,rainfall,1,icon,0.149586
Jabalpur,rainfall,1,jma,0.216755
Jabalpur,rainfall,1,ukmo,0.172782
Jabalpur,rainfall,2,ecmwf,0.100102
Jabalpur,rainfall,2,gem,0.162222
Jabalpur,rainfall,2,gfs,0.182373
Jabalpur,rainfall,2,icon,0.116642
Jabalpur,rainfall,2,jma,0.2297
Jabalpur,rainfall,2,ukmo,0.208961
Jabalpur,rainfall,3,ecmwf,0.153774
Jabalpur,rainfall,3,gem,0.145808
Jabalpur,rainfall,3,gfs,0.186075
Jabalpur,rainfall,3,icon,0.095739
Jabalpur,rainfall,3,jma,0.227849
Jabalpur,rainfall,3,ukmo,0.190755
Jabalpur,temperature,1,ecmwf,0.184729
Jabalpur,temperature,1,gem,0.122628
Jabalpur,temperature,1,gfs,0.129447
Jabalpur,temperature,1,icon,0.163198
Jabalpur,temperature,1,jma,0.185977
Jabalpur,temperature,1,ukmo,0.21402
Jabalpur,temperature,2,ecmwf,0.183654
Jabalpur,temperature,2,gem,0.139106
Jabalpur,temperature,2,gfs,0.09927
Jabalpur,temperature,2,icon,0.146056
Jabalpur,temperature,2,jma,0.204876
Jabalpur,temperature,2,ukmo,0.227038
Jabalpur,temperature,3,ecmwf,0.197032
Jabalpur,temperature,3,gem,0.129631
Jabalpur,temperature,3,gfs,0.103755
Jabalpur,temperature,3,icon,0.148983
Jabalpur,temperature,3,jma,0.200572
Jabalpur,temperature,3,ukmo,0.220028
Jabalpur,wind_speed,1,ecmwf,0.220333
Jabalpur,wind_speed,1,gem,0.136962
Jabalpur,wind_speed,1,gfs,0.099251
Jabalpur,wind_speed,1,icon,0.1831
Jabalpur,wind_speed,1,jma,0.129432
Jabalpur,wind_speed,1,ukmo,0.230922
Jabalpur,wind_speed,2,ecmwf,0.194656
Jabalpur,wind_speed,2,gem,0.1402
Jabalpur,wind_speed,2,gfs,0.100381
Jabalpur,wind_speed,2,icon,0.197518
Jabalpur,wind_speed,2,jma,0.13562
Jabalpur,wind_speed,2,ukmo,0.231625
Jabalpur,wind_speed,3,ecmwf,0.197479
Jabalpur,wind_speed,3,gem,0.136616
Jabalpur,wind_speed,3,gfs,0.120196
Jabalpur,wind_speed,3,icon,0.180825
Jabalpur,wind_speed,3,jma,0.137114
Jabalpur,wind_speed,3,ukmo,0.227769
Jaipur,rainfall,1,ecmwf,0.202078
Jaipur,rainfall,1,gem,0.151272
Jaipur,rainfall,1,gfs,0.10989
Jaipur,rainfall,1,icon,0.169455
Jaipur,rainfall,1,jma,0.194959
Jaipur,rainfall,1,ukmo,0.172347
Jaipur,rainfall,2,ecmwf,0.180286
Jaipur,rainfall,2,gem,0.134805
Jaipur,rainfall,2,gfs,0.195024
Jaipur,rainfall,2,icon,0.104617
Jaipur,rainfall,2,jma,0.202208
Jaipur,rainfall,2,ukmo,0.18306
Jaipur,rainfall,3,ecmwf,0.210149
Jaipur,rainfall,3,gem,0.186405
Jaipur,rainfall,3,gfs,0.124385
Jaipur,rainfall,3,icon,0.115491
Jaipur,rainfall,3,jma,0.179939
Jaipur,rainfall,3,ukmo,0.183631
Jaipur,temperature,1,ecmwf,0.205643
Jaipur,temperature,1,gem,0.144302
Jaipur,temperature,1,gfs,0.099601
Jaipur,temperature,1,icon,0.205807
Jaipur,temperature,1,jma,0.165866
Jaipur,temperature,1,ukmo,0.17878
Jaipur,temperature,2,ecmwf,0.212611
Jaipur,temperature,2,gem,0.140652
Jaipur,temperature,2,gfs,0.122761
Jaipur,temperature,2,icon,0.180116
Jaipur,temperature,2,jma,0.170485
Jaipur,temperature,2,ukmo,0.173375
Jaipur,temperature,3,ecmwf,0.206224
Jaipur,temperature,3,gem,0.158793
Jaipur,temperature,3,gfs,0.132957
Jaipur,temperature,3,icon,0.157259
Jaipur,temperature,3,jma,0.168144
Jaipur,temperature,3,ukmo,0.176624
Jaipur,wind_speed,1,ecmwf,0.211105
Jaipur,wind_speed,1,gem,0.141068
Jaipur,wind_speed,1,gfs,0.069693
Jaipur,wind_speed,1,icon,0.206264
Jaipur,wind_speed,1,jma,0.174696
Jaipur,wind_speed,1,ukmo,0.197174
Jaipur,wind_speed,2,ecmwf,0.216717
Jaipur,wind_speed,2,gem,0.146599
Jaipur,wind_speed,2,gfs,0.06791
Jaipur,wind_speed,2,icon,0.207908
Jaipur,wind_speed,2,jma,0.178546
Jaipur,wind_speed,2,ukmo,0.18232
Jaipur,wind_speed,3,ecmwf,0.210894
Jaipur,wind_speed,3,gem,0.154735
Jaipur,wind_speed,3,gfs,0.069054
Jaipur,wind_speed,3,icon,0.204651
Jaipur,wind_speed,3,jma,0.18488
Jaipur,wind_speed,3,ukmo,0.175786
Jodhpur,rainfall,1,ecmwf,0.186612
Jodhpur,rainfall,1,gem,0.149641
Jodhpur,rainfall,1,gfs,0.17731
Jodhpur,rainfall,1,icon,0.156703
Jodhpur,rainfall,1,jma,0.172612
Jodhpur,rainfall,1,ukmo,0.157123
Jodhpur,rainfall,2,ecmwf,0.170485
Jodhpur,rainfall,2,gem,0.139579
Jodhpur,rainfall,2,gfs,0.114188
Jodhpur,rainfall,2,icon,0.171722
Jodhpur,rainfall,2,jma,0.203299
Jodhpur,rainfall,2,ukmo,0.200727
Jodhpur,rainfall,3,ecmwf,0.169251
Jodhpur,rainfall,3,gem,0.120058
Jodhpur,rainfall,3,gfs,0.1898
Jodhpur,rainfall,3,icon,0.120107
Jodhpur,rainfall,3,jma,0.204622
Jodhpur,rainfall,3,ukmo,0.196162
Jodhpur,temperature,1,ecmwf,0.254603
Jodhpur,temperature,1,gem,0.14066
Jodhpur,temperature,1,gfs,0.108985
Jodhpur,temperature,1,icon,0.236224
Jodhpur,temperature,1,jma,0.126954
Jodhpur,temperature,1,ukmo,0.132574
Jodhpur,temperature,2,ecmwf,0.222534
Jodhpur,temperature,2,gem,0.141276
Jodhpur,temperature,2,gfs,0.144556
Jodhpur,temperature,2,icon,0.217022
Jodhpur,temperature,2,jma,0.145141
Jodhpur,temperature,2,ukmo,0.129471
Jodhpur,temperature,3,ecmwf,0.212446
Jodhpur,temperature,3,gem,0.144171
Jodhpur,temperature,3,gfs,0.159136
Jodhpur,temperature,3,icon,0.190781
Jodhpur,temperature,3,jma,0.155965
Jodhpur,temperature,3,ukmo,0.137501
Jodhpur,wind_speed,1,ecmwf,0.234145
Jodhpur,wind_speed,1,gem,0.119435
Jodhpur,wind_speed,1,gfs,0.050267
Jodhpur,wind_speed,1,icon,0.210224
Jodhpur,wind_speed,1,jma,0.193904
Jodhpur,wind_speed,1,ukmo,0.192024
Jodhpur,wind_speed,2,ecmwf,0.217554
Jodhpur,wind_speed,2,gem,0.126506
Jodhpur,wind_speed,2,gfs,0.051337
Jodhpur,wind_speed,2,icon,0.200401
Jodhpur,wind_speed,2,jma,0.222837
Jodhpur,wind_speed,2,ukmo,0.181366
Jodhpur,wind_speed,3,ecmwf,0.204375
Jodhpur,wind_speed,3,gem,0.129373
Jodhpur,wind_speed,3,gfs,0.056032
Jodhpur,wind_speed,3,icon,0.202215
Jodhpur,wind_speed,3,jma,0.236594
Jodhpur,wind_speed,3,ukmo,0.171411
Kanpur,rainfall,1,ecmwf,0.199387
Kanpur,rainfall,1,gem,0.136487
Kanpur,rainfall,1,gfs,0.179234
Kanpur,rainfall,1,icon,0.131564
Kanpur,rainfall,1,jma,0.19799
Kanpur,rainfall,1,ukmo,0.155338
Kanpur,rainfall,2,ecmwf,0.161375
Kanpur,rainfall,2,gem,0.165742
Kanpur,rainfall,2,gfs,0.185762
Kanpur,rainfall,2,icon,0.147545
Kanpur,rainfall,2,jma,0.179584
Kanpur,rainfall,2,ukmo,0.159991
Kanpur,rainfall,3,ecmwf,0.1965
Kanpur,rainfall,3,gem,0.128968
Kanpur,rainfall,3,gfs,0.108258
Kanpur,rainfall,3,icon,0.17649
Kanpur,rainfall,3,jma,0.214664
Kanpur,rainfall,3,ukmo,0.17512
Kanpur,temperature,1,ecmwf,0.214722
Kanpur,temperature,1,gem,0.119786
Kanpur,temperature,1,gfs,0.114143
Kanpur,temperature,1,icon,0.198525
Kanpur,temperature,1,jma,0.18263
Kanpur,temperature,1,ukmo,0.170195
Kanpur,temperature,2,ecmwf,0.188246
Kanpur,temperature,2,gem,0.123589
Kanpur,temperature,2,gfs,0.146974
Kanpur,temperature,2,icon,0.199962
Kanpur,temperature,2,jma,0.180413
Kanpur,temperature,2,ukmo,0.160817
Kanpur,temperature,3,ecmwf,0.188479
Kanpur,temperature,3,gem,0.127906
Kanpur,temperature,3,gfs,0.151268
Kanpur,temperature,3,icon,0.194937
Kanpur,temperature,3,jma,0.171714
Kanpur,temperature,3,ukmo,0.165696
Kanpur,wind_speed,1,ecmwf,0.193049
Kanpur,wind_speed,1,gem,0.125577
Kanpur,wind_speed,1,gfs,0.101986
Kanpur,wind_speed,1,icon,0.196823
Kanpur,wind_speed,1,jma,0.18887
Kanpur,wind_speed,1,ukmo,0.193696
Kanpur,wind_speed,2,ecmwf,0.212214
Kanpur,wind_speed,2,gem,0.141836
Kanpur,wind_speed,2,gfs,0.086992
Kanpur,wind_speed,2,icon,0.180499
Kanpur,wind_speed,2,jma,0.195202
Kanpur,wind_speed,2,ukmo,0.183257
Kanpur,wind_speed,3,ecmwf,0.19316
Kanpur,wind_speed,3,gem,0.136199
Kanpur,wind_speed,3,gfs,0.090282
Kanpur,wind_speed,3,icon,0.186047
Kanpur,wind_speed,3,jma,0.208502
Kanpur,wind_speed,3,ukmo,0.18581
Kochi,rainfall,1,ecmwf,0.19026
Kochi,rainfall,1,gem,0.169211
Kochi,rainfall,1,gfs,0.170209
Kochi,rainfall,1,icon,0.185072
Kochi,rainfall,1,jma,0.18251
Kochi,rainfall,1,ukmo,0.102737
Kochi,rainfall,2,ecmwf,0.192617
Kochi,rainfall,2,gem,0.158259
Kochi,rainfall,2,gfs,0.178661
Kochi,rainfall,2,icon,0.195566
Kochi,rainfall,2,jma,0.184409
Kochi,rainfall,2,ukmo,0.090488
Kochi,rainfall,3,ecmwf,0.188293
Kochi,rainfall,3,gem,0.175561
Kochi,rainfall,3,gfs,0.171944
Kochi,rainfall,3,icon,0.190175
Kochi,rainfall,3,jma,0.186448
Kochi,rainfall,3,ukmo,0.08758
Kochi,temperature,1,ecmwf,0.164116
Kochi,temperature,1,gem,0.177646
Kochi,temperature,1,gfs,0.124462
Kochi,temperature,1,icon,0.255179
Kochi,temperature,1,jma,0.139744
Kochi,temperature,1,ukmo,0.138853
Kochi,temperature,2,ecmwf,0.165959
Kochi,temperature,2,gem,0.165058
Kochi,temperature,2,gfs,0.127379
Kochi,temperature,2,icon,0.256539
Kochi,temperature,2,jma,0.133317
Kochi,temperature,2,ukmo,0.151748
Kochi,temperature,3,ecmwf,0.163045
Kochi,temperature,3,gem,0.171206
Kochi,temperature,3,gfs,0.131854
Kochi,temperature,3,icon,0.250439
Kochi,temperature,3,jma,0.131953
Kochi,temperature,3,ukmo,0.151504
Kochi,wind_speed,1,ecmwf,0.159303
Kochi,wind_speed,1,gem,0.174697
Kochi,wind_speed,1,gfs,0.189483
Kochi,wind_speed,1,icon,0.201459
Kochi,wind_speed,1,jma,0.100524
Kochi,wind_speed,1,ukmo,0.174534
Kochi,wind_speed,2,ecmwf,0.160809
Kochi,wind_speed,2,gem,0.169986
Kochi,wind_speed,2,gfs,0.18789
Kochi,wind_speed,2,icon,0.197618
Kochi,wind_speed,2,jma,0.100162
Kochi,wind_speed,2,ukmo,0.183535
Kochi,wind_speed,3,ecmwf,0.164796
Kochi,wind_speed,3,gem,0.179697
Kochi,wind_speed,3,gfs,0.188367
Kochi,wind_speed,3,icon,0.198197
Kochi,wind_speed,3,jma,0.102058
Kochi,wind_speed,3,ukmo,0.166885
Kolkata,rainfall,1,ecmwf,0.164227
Kolkata,rainfall,1,gem,0.151242
Kolkata,rainfall,1,gfs,0.147168
Kolkata,rainfall,1,icon,0.183732
Kolkata,rainfall,1,jma,0.194976
Kolkata,rainfall,1,ukmo,0.158655
Kolkata,rainfall,2,ecmwf,0.158262
Kolkata,rainfall,2,gem,0.135032
Kolkata,rainfall,2,gfs,0.174885
Kolkata,rainfall,2,icon,0.171395
Kolkata,rainfall,2,jma,0.193296
Kolkata,rainfall,2,ukmo,0.167131
Kolkata,rainfall,3,ecmwf,0.18247
Kolkata,rainfall,3,gem,0.142843
Kolkata,rainfall,3,gfs,0.179688
Kolkata,rainfall,3,icon,0.143135
Kolkata,rainfall,3,jma,0.18622
Kolkata,rainfall,3,ukmo,0.165644
Kolkata,temperature,1,ecmwf,0.177998
Kolkata,temperature,1,gem,0.133714
Kolkata,temperature,1,gfs,0.135319
Kolkata,temperature,1,icon,0.186917
Kolkata,temperature,1,jma,0.211743
Kolkata,temperature,1,ukmo,0.154309
Kolkata,temperature,2,ecmwf,0.174331
Kolkata,temperature,2,gem,0.142283
Kolkata,temperature,2,gfs,0.123599
Kolkata,temperature,2,icon,0.20096
Kolkata,temperature,2,jma,0.206473
Kolkata,temperature,2,ukmo,0.152354
Kolkata,temperature,3,ecmwf,0.178369
Kolkata,temperature,3,gem,0.152268
Kolkata,temperature,3,gfs,0.123845
Kolkata,temperature,3,icon,0.186989
Kolkata,temperature,3,jma,0.186045
Kolkata,temperature,3,ukmo,0.172485
Kolkata,wind_speed,1,ecmwf,0.185736
Kolkata,wind_speed,1,gem,0.148105
Kolkata,wind_speed,1,gfs,0.084103
Kolkata,wind_speed,1,icon,0.188363
Kolkata,wind_speed,1,jma,0.210497
Kolkata,wind_speed,1,ukmo,0.183197
Kolkata,wind_speed,2,ecmwf,0.185774
Kolkata,wind_speed,2,gem,0.156211
Kolkata,wind_speed,2,gfs,0.097155
Kolkata,wind_speed,2,icon,0.172898
Kolkata,wind_speed,2,jma,0.194827
Kolkata,wind_speed,2,ukmo,0.193136
Kolkata,wind_speed,3,ecmwf,0.176494
Kolkata,wind_speed,3,gem,0.144218
Kolkata,wind_speed,3,gfs,0.111741
Kolkata,wind_speed,3,icon,0.165332
Kolkata,wind_speed,3,jma,0.193165
Kolkata,wind_speed,3,ukmo,0.20905
Kota,rainfall,1,ecmwf,0.178953
Kota,rainfall,1,gem,0.146248
Kota,rainfall,1,gfs,0.15664
Kota,rainfall,1,icon,0.167597
Kota,rainfall,1,jma,0.18529
Kota,rainfall,1,ukmo,0.165272
Kota,rainfall,2,ecmwf,0.184853
Kota,rainfall,2,gem,0.156743
Kota,rainfall,2,gfs,0.139349
Kota,rainfall,2,icon,0.146488
Kota,rainfall,2,jma,0.201944
Kota,rainfall,2,ukmo,0.170623
Kota,rainfall,3,ecmwf,0.140404
Kota,rainfall,3,gem,0.138013
Kota,rainfall,3,gfs,0.167651
Kota,rainfall,3,icon,0.133618
Kota,rainfall,3,jma,0.234694
Kota,rainfall,3,ukmo,0.18562
Kota,temperature,1,ecmwf,0.210168
Kota,temperature,1,gem,0.134101
Kota,temperature,1,gfs,0.122642
Kota,temperature,1,icon,0.179984
Kota,temperature,1,jma,0.168855
Kota,temperature,1,ukmo,0.18425
Kota,temperature,2,ecmwf,0.202752
Kota,temperature,2,gem,0.134473
Kota,temperature,2,gfs,0.141303
Kota,temperature,2,icon,0.176648
Kota,temperature,2,jma,0.170228
Kota,temperature,2,ukmo,0.174596
Kota,temperature,3,ecmwf,0.202574
Kota,temperature,3,gem,0.139626
Kota,temperature,3,gfs,0.145137
Kota,temperature,3,icon,0.167098
Kota,temperature,3,jma,0.172687
Kota,temperature,3,ukmo,0.172877
Kota,wind_speed,1,ecmwf,0.209345
Kota,wind_speed,1,gem,0.139637
Kota,wind_speed,1,gfs,0.075324
Kota,wind_speed,1,icon,0.193424
Kota,wind_speed,1,jma,0.192186
Kota,wind_speed,1,ukmo,0.190084
Kota,wind_speed,2,ecmwf,0.193485
Kota,wind_speed,2,gem,0.148574
Kota,wind_speed,2,gfs,0.075593
Kota,wind_speed,2,icon,0.194285
Kota,wind_speed,2,jma,0.196264
Kota,wind_speed,2,ukmo,0.191799
Kota,wind_speed,3,ecmwf,0.18383
Kota,wind_speed,3,gem,0.153325
Kota,wind_speed,3,gfs,0.08218
Kota,wind_speed,3,icon,0.188659
Kota,wind_speed,3,jma,0.193815
Kota,wind_speed,3,ukmo,0.19819
Lucknow,rainfall,1,ecmwf,0.190881
Lucknow,rainfall,1,gem,0.127236
Lucknow,rainfall,1,gfs,0.188776
Lucknow,rainfall,1,icon,0.158709
Lucknow,rainfall,1,jma,0.209224
Lucknow,rainfall,1,ukmo,0.125174
Lucknow,rainfall,2,ecmwf,0.182022
Lucknow,rainfall,2,gem,0.120074
Lucknow,rainfall,2,gfs,0.166237
Lucknow,rainfall,2,icon,0.175807
Lucknow,rainfall,2,jma,0.203024
Lucknow,rainfall,2,ukmo,0.152835
Lucknow,rainfall,3,ecmwf,0.190507
Lucknow,rainfall,3,gem,0.176881
Lucknow,rainfall,3,gfs,0.12539
Lucknow,rainfall,3,icon,0.193692
Lucknow,rainfall,3,jma,0.218245
Lucknow,rainfall,3,ukmo,0.095284
Lucknow,temperature,1,ecmwf,0.215453
Lucknow,temperature,1,gem,0.126508
Lucknow,temperature,1,gfs,0.083599
Lucknow,temperature,1,icon,0.204278
Lucknow,temperature,1,jma,0.174611
Lucknow,temperature,1,ukmo,0.195551
Lucknow,temperature,2,ecmwf,0.190047
Lucknow,temperature,2,gem,0.125402
Lucknow,temperature,2,gfs,0.108468
Lucknow,temperature,2,icon,0.205017
Lucknow,temperature,2,jma,0.180689
Lucknow,temperature,2,ukmo,0.190376
Lucknow,temperature,3,ecmwf,0.186997
Lucknow,temperature,3,gem,0.144221
Lucknow,temperature,3,gfs,0.121819
Lucknow,temperature,3,icon,0.195742
Lucknow,temperature,3,jma,0.155757
Lucknow,temperature,3,ukmo,0.195464
Lucknow,wind_speed,1,ecmwf,0.205828
Lucknow,wind_speed,1,gem,0.11499
Lucknow,wind_speed,1,gfs,0.108842
Lucknow,wind_speed,1,icon,0.189667
Lucknow,wind_speed,1,jma,0.191548
Lucknow,wind_speed,1,ukmo,0.189125
Lucknow,wind_speed,2,ecmwf,0.214187
Lucknow,wind_speed,2,gem,0.128522
Lucknow,wind_speed,2,gfs,0.102875
Lucknow,wind_speed,2,icon,0.176089
Lucknow,wind_speed,2,jma,0.207586
Lucknow,wind_speed,2,ukmo,0.170741
Lucknow,wind_speed,3,ecmwf,0.202891
Lucknow,wind_speed,3,gem,0.128123
Lucknow,wind_speed,3,gfs,0.113192
Lucknow,wind_speed,3,icon,0.175967
Lucknow,wind_speed,3,jma,0.216442
Lucknow,wind_speed,3,ukmo,0.163386
Ludhiana,rainfall,1,ecmwf,0.198264
Ludhiana,rainfall,1,gem,0.084417
Ludhiana,rainfall,1,gfs,0.197077
Ludhiana,rainfall,1,icon,0.141005
Ludhiana,rainfall,1,jma,0.210376
Ludhiana,rainfall,1,ukmo,0.168861
Ludhiana,rainfall,2,ecmwf,0.182063
Ludhiana,rainfall,2,gem,0.120866
Ludhiana,rainfall,2,gfs,0.162583
Ludhiana,rainfall,2,icon,0.159353
Ludhiana,rainfall,2,jma,0.188658
Ludhiana,rainfall,2,ukmo,0.186477
Ludhiana,rainfall,3,ecmwf,0.203025
Ludhiana,rainfall,3,gem,0.080718
Ludhiana,rainfall,3,gfs,0.165019
Ludhiana,rainfall,3,icon,0.175512
Ludhiana,rainfall,3,jma,0.202952
Ludhiana,rainfall,3,ukmo,0.172775
Ludhiana,temperature,1,ecmwf,0.190149
Ludhiana,temperature,1,gem,0.136537
Ludhiana,temperature,1,gfs,0.109249
Ludhiana,temperature,1,icon,0.22733
Ludhiana,temperature,1,jma,0.13483
Ludhiana,temperature,1,ukmo,0.201904
Ludhiana,temperature,2,ecmwf,0.183673
Ludhiana,temperature,2,gem,0.139029
Ludhiana,temperature,2,gfs,0.120559
Ludhiana,temperature,2,icon,0.208326
Ludhiana,temperature,2,jma,0.158335
Ludhiana,temperature,2,ukmo,0.190077
Ludhiana,temperature,3,ecmwf,0.189149
Ludhiana,temperature,3,gem,0.122098
Ludhiana,temperature,3,gfs,0.130109
Ludhiana,temperature,3,icon,0.211439
Ludhiana,temperature,3,jma,0.167272
Ludhiana,temperature,3,ukmo,0.179934
Ludhiana,wind_speed,1,ecmwf,0.218957
Ludhiana,wind_speed,1,gem,0.112212
Ludhiana,wind_speed,1,gfs,0.096184
Ludhiana,wind_speed,1,icon,0.216829
Ludhiana,wind_speed,1,jma,0.192729
Ludhiana,wind_speed,1,ukmo,0.163089
Ludhiana,wind_speed,2,ecmwf,0.222161
Ludhiana,wind_speed,2,gem,0.124055
Ludhiana,wind_speed,2,gfs,0.09702
Ludhiana,wind_speed,2,icon,0.202735
Ludhiana,wind_speed,2,jma,0.201466
Ludhiana,wind_speed,2,ukmo,0.152563
Ludhiana,wind_speed,3,ecmwf,0.224188
Ludhiana,wind_speed,3,gem,0.118968
Ludhiana,wind_speed,3,gfs,0.095614
Ludhiana,wind_speed,3,icon,0.210476
Ludhiana,wind_speed,3,jma,0.200513
Ludhiana,wind_speed,3,ukmo,0.150241
Madurai,rainfall,1,ecmwf,0.165903
Madurai,rainfall,1,gem,0.167255
Madurai,rainfall,1,gfs,0.166232
Madurai,rainfall,1,icon,0.168658
Madurai,rainfall,1,jma,0.182361
Madurai,rainfall,1,ukmo,0.149589
Madurai,rainfall,2,ecmwf,0.166832
Madurai,rainfall,2,gem,0.174311
Madurai,rainfall,2,gfs,0.16675
Madurai,rainfall,2,icon,0.167904
Madurai,rainfall,2,jma,0.170718
Madurai,rainfall,2,ukmo,0.153484
Madurai,rainfall,3,ecmwf,0.160928
Madurai,rainfall,3,gem,0.169282
Madurai,rainfall,3,gfs,0.170388
Madurai,rainfall,3,icon,0.171623
Madurai,rainfall,3,jma,0.170217
Madurai,rainfall,3,ukmo,0.157563
Madurai,temperature,1,ecmwf,0.160874
Madurai,temperature,1,gem,0.110137
Madurai,temperature,1,gfs,0.175971
Madurai,temperature,1,icon,0.198285
Madurai,temperature,1,jma,0.213527
Madurai,temperature,1,ukmo,0.141207
Madurai,temperature,2,ecmwf,0.165799
Madurai,temperature,2,gem,0.117508
Madurai,temperature,2,gfs,0.17872
Madurai,temperature,2,icon,0.192747
Madurai,temperature,2,jma,0.202622
Madurai,temperature,2,ukmo,0.142604
Madurai,temperature,3,ecmwf,0.174897
Madurai,temperature,3,gem,0.112998
Madurai,temperature,3,gfs,0.188345
Madurai,temperature,3,icon,0.182477
Madurai,temperature,3,jma,0.19592
Madurai,temperature,3,ukmo,0.145362
Madurai,wind_speed,1,ecmwf,0.189542
Madurai,wind_speed,1,gem,0.154594
Madurai,wind_speed,1,gfs,0.128622
Madurai,wind_speed,1,icon,0.160566
Madurai,wind_speed,1,jma,0.183079
Madurai,wind_speed,1,ukmo,0.183597
Madurai,wind_speed,2,ecmwf,0.181934
Madurai,wind_speed,2,gem,0.159473
Madurai,wind_speed,2,gfs,0.132328
Madurai,wind_speed,2,icon,0.169343
Madurai,wind_speed,2,jma,0.190884
Madurai,wind_speed,2,ukmo,0.166037
Madurai,wind_speed,3,ecmwf,0.184977
Madurai,wind_speed,3,gem,0.156652
Madurai,wind_speed,3,gfs,0.132647
Madurai,wind_speed,3,icon,0.168471
Madurai,wind_speed,3,jma,0.191316
Madurai,wind_speed,3,ukmo,0.165938
Mumbai,rainfall,1,ecmwf,0.218722
Mumbai,rainfall,1,gem,0.138373
Mumbai,rainfall,1,gfs,0.17563
Mumbai,rainfall,1,icon,0.170555
Mumbai,rainfall,1,jma,0.187909
Mumbai,rainfall,1,ukmo,0.108812
Mumbai,rainfall,2,ecmwf,0.191066
Mumbai,rainfall,2,gem,0.171319
Mumbai,rainfall,2,gfs,0.181514
Mumbai,rainfall,2,icon,0.173391
Mumbai,rainfall,2,jma,0.174805
Mumbai,rainfall,2,ukmo,0.107906
Mumbai,rainfall,3,ecmwf,0.183032
Mumbai,rainfall,3,gem,0.176773
Mumbai,rainfall,3,gfs,0.175271
Mumbai,rainfall,3,icon,0.188021
Mumbai,rainfall,3,jma,0.149143
Mumbai,rainfall,3,ukmo,0.12776
Mumbai,temperature,1,ecmwf,0.177415
Mumbai,temperature,1,gem,0.172966
Mumbai,temperature,1,gfs,0.088274
Mumbai,temperature,1,icon,0.209955
Mumbai,temperature,1,jma,0.188204
Mumbai,temperature,1,ukmo,0.163186
Mumbai,temperature,2,ecmwf,0.176313
Mumbai,temperature,2,gem,0.177183
Mumbai,temperature,2,gfs,0.092936
Mumbai,temperature,2,icon,0.191628
Mumbai,temperature,2,jma,0.20051
Mumbai,temperature,2,ukmo,0.161431
Mumbai,temperature,3,ecmwf,0.174039
Mumbai,temperature,3,gem,0.186018
Mumbai,temperature,3,gfs,0.10101
Mumbai,temperature,3,icon,0.190199
Mumbai,temperature,3,jma,0.196365
Mumbai,temperature,3,ukmo,0.152369
Mumbai,wind_speed,1,ecmwf,0.189037
Mumbai,wind_speed,1,gem,0.180049
Mumbai,wind_speed,1,gfs,0.082479
Mumbai,wind_speed,1,icon,0.175119
Mumbai,wind_speed,1,jma,0.168128
Mumbai,wind_speed,1,ukmo,0.205188
Mumbai,wind_speed,2,ecmwf,0.201554
Mumbai,wind_speed,2,gem,0.168902
Mumbai,wind_speed,2,gfs,0.079511
Mumbai,wind_speed,2,icon,0.183961
Mumbai,wind_speed,2,jma,0.159694
Mumbai,wind_speed,2,ukmo,0.206377
Mumbai,wind_speed,3,ecmwf,0.195395
Mumbai,wind_speed,3,gem,0.179183
Mumbai,wind_speed,3,gfs,0.08564
Mumbai,wind_speed,3,icon,0.192282
Mumbai,wind_speed,3,jma,0.156531
Mumbai,wind_speed,3,ukmo,0.19097
Nagpur,rainfall,1,ecmwf,0.203848
Nagpur,rainfall,1,gem,0.119482
Nagpur,rainfall,1,gfs,0.176401
Nagpur,rainfall,1,icon,0.094488
Nagpur,rainfall,1,jma,0.195557
Nagpur,rainfall,1,ukmo,0.210224
Nagpur,rainfall,2,ecmwf,0.18155
Nagpur,rainfall,2,gem,0.149305
Nagpur,rainfall,2,gfs,0.230193
Nagpur,rainfall,2,icon,0.105096
Nagpur,rainfall,2,jma,0.156136
Nagpur,rainfall,2,ukmo,0.17772
Nagpur,rainfall,3,ecmwf,0.129232
Nagpur,rainfall,3,gem,0.185033
Nagpur,rainfall,3,gfs,0.196913
Nagpur,rainfall,3,icon,0.095004
Nagpur,rainfall,3,jma,0.220493
Nagpur,rainfall,3,ukmo,0.173325
Nagpur,temperature,1,ecmwf,0.21
Nagpur,temperature,1,gem,0.137249
Nagpur,temperature,1,gfs,0.116179
Nagpur,temperature,1,icon,0.161333
Nagpur,temperature,1,jma,0.171662
Nagpur,temperature,1,ukmo,0.203578
Nagpur,temperature,2,ecmwf,0.20329
Nagpur,temperature,2,gem,0.146594
Nagpur,temperature,2,gfs,0.114137
Nagpur,temperature,2,icon,0.141526
Nagpur,temperature,2,jma,0.182204
Nagpur,temperature,2,ukmo,0.21225
Nagpur,temperature,3,ecmwf,0.190824
Nagpur,temperature,3,gem,0.152331
Nagpur,temperature,3,gfs,0.135299
Nagpur,temperature,3,icon,0.140848
Nagpur,temperature,3,jma,0.186151
Nagpur,temperature,3,ukmo,0.194547
Nagpur,wind_speed,1,ecmwf,0.213683
Nagpur,wind_speed,1,gem,0.126744
Nagpur,wind_speed,1,gfs,0.13144
Nagpur,wind_speed,1,icon,0.146666
Nagpur,wind_speed,1,jma,0.149687
Nagpur,wind_speed,1,ukmo,0.231781
Nagpur,wind_speed,2,ecmwf,0.185944
Nagpur,wind_speed,2,gem,0.131923
Nagpur,wind_speed,2,gfs,0.149902
Nagpur,wind_speed,2,icon,0.148983
Nagpur,wind_speed,2,jma,0.163679
Nagpur,wind_speed,2,ukmo,0.219569
Nagpur,wind_speed,3,ecmwf,0.172171
Nagpur,wind_speed,3,gem,0.135884
Nagpur,wind_speed,3,gfs,0.157689
Nagpur,wind_speed,3,icon,0.15105
Nagpur,wind_speed,3,jma,0.161843
Nagpur,wind_speed,3,ukmo,0.221363
Nashik,rainfall,1,ecmwf,0.218376
Nashik,rainfall,1,gem,0.127355
Nashik,rainfall,1,gfs,0.192609
Nashik,rainfall,1,icon,0.11621
Nashik,rainfall,1,jma,0.220753
Nashik,rainfall,1,ukmo,0.124697
Nashik,rainfall,2,ecmwf,0.198981
Nashik,rainfall,2,gem,0.160104
Nashik,rainfall,2,gfs,0.127543
Nashik,rainfall,2,icon,0.163968
Nashik,rainfall,2,jma,0.171684
Nashik,rainfall,2,ukmo,0.17772
Nashik,rainfall,3,ecmwf,0.203452
Nashik,rainfall,3,gem,0.169526
Nashik,rainfall,3,gfs,0.181286
Nashik,rainfall,3,icon,0.093133
Nashik,rainfall,3,jma,0.209867
Nashik,rainfall,3,ukmo,0.142736
Nashik,temperature,1,ecmwf,0.23207
Nashik,temperature,1,gem,0.15383
Nashik,temperature,1,gfs,0.143974
Nashik,temperature,1,icon,0.152796
Nashik,temperature,1,jma,0.137176
Nashik,temperature,1,ukmo,0.180154
Nashik,temperature,2,ecmwf,0.236925
Nashik,temperature,2,gem,0.16152
Nashik,temperature,2,gfs,0.136456
Nashik,temperature,2,icon,0.145546
Nashik,temperature,2,jma,0.14412
Nashik,temperature,2,ukmo,0.175433
Nashik,temperature,3,ecmwf,0.209118
Nashik,temperature,3,gem,0.167272
Nashik,temperature,3,gfs,0.146385
Nashik,temperature,3,icon,0.145546
Nashik,temperature,3,jma,0.162877
Nashik,temperature,3,ukmo,0.168802
Nashik,wind_speed,1,ecmwf,0.223615
Nashik,wind_speed,1,gem,0.152904
Nashik,wind_speed,1,gfs,0.076237
Nashik,wind_speed,1,icon,0.221089
Nashik,wind_speed,1,jma,0.101957
Nashik,wind_speed,1,ukmo,0.224198
Nashik,wind_speed,2,ecmwf,0.195168
Nashik,wind_speed,2,gem,0.151884
Nashik,wind_speed,2,gfs,0.078041
Nashik,wind_speed,2,icon,0.245733
Nashik,wind_speed,2,jma,0.105287
Nashik,wind_speed,2,ukmo,0.223888
Nashik,wind_speed,3,ecmwf,0.178873
Nashik,wind_speed,3,gem,0.170334
Nashik,wind_speed,3,gfs,0.088555
Nashik,wind_speed,3,icon,0.235154
Nashik,wind_speed,3,jma,0.111712
Nashik,wind_speed,3,ukmo,0.215371
Patna,rainfall,1,ecmwf,0.17562
Patna,rainfall,1,gem,0.09777
Patna,rainfall,1,gfs,0.199848
Patna,rainfall,1,icon,0.154186
Patna,rainfall,1,jma,0.200128
Patna,rainfall,1,ukmo,0.172448
Patna,rainfall,2,ecmwf,0.186172
Patna,rainfall,2,gem,0.12912
Patna,rainfall,2,gfs,0.170164
Patna,rainfall,2,icon,0.165577
Patna,rainfall,2,jma,0.19919
Patna,rainfall,2,ukmo,0.149776
Patna,rainfall,3,ecmwf,0.171078
Patna,rainfall,3,gem,0.137952
Patna,rainfall,3,gfs,0.12418
Patna,rainfall,3,icon,0.197227
Patna,rainfall,3,jma,0.207843
Patna,rainfall,3,ukmo,0.161721
Patna,temperature,1,ecmwf,0.214994
Patna,temperature,1,gem,0.117256
Patna,temperature,1,gfs,0.076044
Patna,temperature,1,icon,0.234294
Patna,temperature,1,jma,0.197419
Patna,temperature,1,ukmo,0.159993
Patna,temperature,2,ecmwf,0.192792
Patna,temperature,2,gem,0.138286
Patna,temperature,2,gfs,0.089409
Patna,temperature,2,icon,0.223217
Patna,temperature,2,jma,0.193345
Patna,temperature,2,ukmo,0.16295
Patna,temperature,3,ecmwf,0.191857
Patna,temperature,3,gem,0.142209
Patna,temperature,3,gfs,0.098135
Patna,temperature,3,icon,0.21484
Patna,temperature,3,jma,0.18143
Patna,temperature,3,ukmo,0.171529
Patna,wind_speed,1,ecmwf,0.216576
Patna,wind_speed,1,gem,0.110158
Patna,wind_speed,1,gfs,0.08666
Patna,wind_speed,1,icon,0.206798
Patna,wind_speed,1,jma,0.20305
Patna,wind_speed,1,ukmo,0.176757
Patna,wind_speed,2,ecmwf,0.200091
Patna,wind_speed,2,gem,0.116286
Patna,wind_speed,2,gfs,0.093053
Patna,wind_speed,2,icon,0.20681
Patna,wind_speed,2,jma,0.215301
Patna,wind_speed,2,ukmo,0.168459
Patna,wind_speed,3,ecmwf,0.195414
Patna,wind_speed,3,gem,0.118486
Patna,wind_speed,3,gfs,0.127988
Patna,wind_speed,3,icon,0.183247
Patna,wind_speed,3,jma,0.198488
Patna,wind_speed,3,ukmo,0.176378
Pune,rainfall,1,ecmwf,0.20056
Pune,rainfall,1,gem,0.151612
Pune,rainfall,1,gfs,0.187875
Pune,rainfall,1,icon,0.176768
Pune,rainfall,1,jma,0.188535
Pune,rainfall,1,ukmo,0.094649
Pune,rainfall,2,ecmwf,0.215584
Pune,rainfall,2,gem,0.111572
Pune,rainfall,2,gfs,0.17521
Pune,rainfall,2,icon,0.205363
Pune,rainfall,2,jma,0.206138
Pune,rainfall,2,ukmo,0.086132
Pune,rainfall,3,ecmwf,0.194993
Pune,rainfall,3,gem,0.147039
Pune,rainfall,3,gfs,0.176744
Pune,rainfall,3,icon,0.186957
Pune,rainfall,3,jma,0.180312
Pune,rainfall,3,ukmo,0.113954
Pune,temperature,1,ecmwf,0.21749
Pune,temperature,1,gem,0.136455
Pune,temperature,1,gfs,0.150898
Pune,temperature,1,icon,0.181652
Pune,temperature,1,jma,0.154636
Pune,temperature,1,ukmo,0.158869
Pune,temperature,2,ecmwf,0.229881
Pune,temperature,2,gem,0.145399
Pune,temperature,2,gfs,0.146939
Pune,temperature,2,icon,0.164544
Pune,temperature,2,jma,0.153781
Pune,temperature,2,ukmo,0.159456
Pune,temperature,3,ecmwf,0.20934
Pune,temperature,3,gem,0.16348
Pune,temperature,3,gfs,0.149989
Pune,temperature,3,icon,0.153444
Pune,temperature,3,jma,0.171512
Pune,temperature,3,ukmo,0.152237
Pune,wind_speed,1,ecmwf,0.256195
Pune,wind_speed,1,gem,0.161342
Pune,wind_speed,1,gfs,0.106557
Pune,wind_speed,1,icon,0.164089
Pune,wind_speed,1,jma,0.114183
Pune,wind_speed,1,ukmo,0.197634
Pune,wind_speed,2,ecmwf,0.229293
Pune,wind_speed,2,gem,0.164603
Pune,wind_speed,2,gfs,0.117885
Pune,wind_speed,2,icon,0.166919
Pune,wind_speed,2,jma,0.130118
Pune,wind_speed,2,ukmo,0.191182
Pune,wind_speed,3,ecmwf,0.196727
Pune,wind_speed,3,gem,0.173112
Pune,wind_speed,3,gfs,0.138635
Pune,wind_speed,3,icon,0.179879
Pune,wind_speed,3,jma,0.135332
Pune,wind_speed,3,ukmo,0.176316
Raipur,rainfall,1,ecmwf,0.218739
Raipur,rainfall,1,gem,0.123165
Raipur,rainfall,1,gfs,0.155061
Raipur,rainfall,1,icon,0.137256
Raipur,rainfall,1,jma,0.199142
Raipur,rainfall,1,ukmo,0.166636
Raipur,rainfall,2,ecmwf,0.186932
Raipur,rainfall,2,gem,0.120226
Raipur,rainfall,2,gfs,0.191586
Raipur,rainfall,2,icon,0.1654
Raipur,rainfall,2,jma,0.163418
Raipur,rainfall,2,ukmo,0.172438
Raipur,rainfall,3,ecmwf,0.171194
Raipur,rainfall,3,gem,0.11883
Raipur,rainfall,3,gfs,0.160663
Raipur,rainfall,3,icon,0.172663
Raipur,rainfall,3,jma,0.199079
Raipur,rainfall,3,ukmo,0.177571
Raipur,temperature,1,ecmwf,0.198795
Raipur,temperature,1,gem,0.11848
Raipur,temperature,1,gfs,0.127117
Raipur,temperature,1,icon,0.170531
Raipur,temperature,1,jma,0.176024
Raipur,temperature,1,ukmo,0.209053
Raipur,temperature,2,ecmwf,0.191361
Raipur,temperature,2,gem,0.128821
Raipur,temperature,2,gfs,0.111881
Raipur,temperature,2,icon,0.160786
Raipur,temperature,2,jma,0.178958
Raipur,temperature,2,ukmo,0.228194
Raipur,temperature,3,ecmwf,0.169287
Raipur,temperature,3,gem,0.12852
Raipur,temperature,3,gfs,0.118573
Raipur,temperature,3,icon,0.15631
Raipur,temperature,3,jma,0.201096
Raipur,temperature,3,ukmo,0.226215
Raipur,wind_speed,1,ecmwf,0.235662
Raipur,wind_speed,1,gem,0.122214
Raipur,wind_speed,1,gfs,0.090781
Raipur,wind_speed,1,icon,0.19031
Raipur,wind_speed,1,jma,0.121289
Raipur,wind_speed,1,ukmo,0.239743
Raipur,wind_speed,2,ecmwf,0.199396
Raipur,wind_speed,2,gem,0.137745
Raipur,wind_speed,2,gfs,0.104174
Raipur,wind_speed,2,icon,0.211601
Raipur,wind_speed,2,jma,0.13273
Raipur,wind_speed,2,ukmo,0.214354
Raipur,wind_speed,3,ecmwf,0.19128
Raipur,wind_speed,3,gem,0.137481
Raipur,wind_speed,3,gfs,0.132866
Raipur,wind_speed,3,icon,0.194174
Raipur,wind_speed,3,jma,0.132741
Raipur,wind_speed,3,ukmo,0.211459
Ranchi,rainfall,1,ecmwf,0.197455
Ranchi,rainfall,1,gem,0.107248
Ranchi,rainfall,1,gfs,0.178696
Ranchi,rainfall,1,icon,0.103128
Ranchi,rainfall,1,jma,0.212139
Ranchi,rainfall,1,ukmo,0.201333
Ranchi,rainfall,2,ecmwf,0.19096
Ranchi,rainfall,2,gem,0.102115
Ranchi,rainfall,2,gfs,0.153989
Ranchi,rainfall,2,icon,0.161585
Ranchi,rainfall,2,jma,0.208107
Ranchi,rainfall,2,ukmo,0.183244
Ranchi,rainfall,3,ecmwf,0.194798
Ranchi,rainfall,3,gem,0.120107
Ranchi,rainfall,3,gfs,0.112594
Ranchi,rainfall,3,icon,0.191551
Ranchi,rainfall,3,jma,0.216622
Ranchi,rainfall,3,ukmo,0.164329
Ranchi,temperature,1,ecmwf,0.199156
Ranchi,temperature,1,gem,0.137542
Ranchi,temperature,1,gfs,0.139533
Ranchi,temperature,1,icon,0.174796
Ranchi,temperature,1,jma,0.168814
Ranchi,temperature,1,ukmo,0.180159
Ranchi,temperature,2,ecmwf,0.204228
Ranchi,temperature,2,gem,0.142185
Ranchi,temperature,2,gfs,0.150035
Ranchi,temperature,2,icon,0.159992
Ranchi,temperature,2,jma,0.165431
Ranchi,temperature,2,ukmo,0.178129
Ranchi,temperature,3,ecmwf,0.192389
Ranchi,temperature,3,gem,0.154044
Ranchi,temperature,3,gfs,0.138135
Ranchi,temperature,3,icon,0.163202
Ranchi,temperature,3,jma,0.163227
Ranchi,temperature,3,ukmo,0.189003
Ranchi,wind_speed,1,ecmwf,0.192535
Ranchi,wind_speed,1,gem,0.158932
Ranchi,wind_speed,1,gfs,0.141923
Ranchi,wind_speed,1,icon,0.184636
Ranchi,wind_speed,1,jma,0.123495
Ranchi,wind_speed,1,ukmo,0.198478
Ranchi,wind_speed,2,ecmwf,0.181455
Ranchi,wind_speed,2,gem,0.167179
Ranchi,wind_speed,2,gfs,0.140487
Ranchi,wind_speed,2,icon,0.177187
Ranchi,wind_speed,2,jma,0.137633
Ranchi,wind_speed,2,ukmo,0.196059
Ranchi,wind_speed,3,ecmwf,0.177672
Ranchi,wind_speed,3,gem,0.168199
Ranchi,wind_speed,3,gfs,0.150441
Ranchi,wind_speed,3,icon,0.167857
Ranchi,wind_speed,3,jma,0.142383
Ranchi,wind_speed,3,ukmo,0.193448
Shillong,rainfall,1,ecmwf,0.133256
Shillong,rainfall,1,gem,0.145473
Shillong,rainfall,1,gfs,0.187768
Shillong,rainfall,1,icon,0.099408
Shillong,rainfall,1,jma,0.330444
Shillong,rainfall,1,ukmo,0.103651
Shillong,rainfall,2,ecmwf,0.111253
Shillong,rainfall,2,gem,0.151381
Shillong,rainfall,2,gfs,0.150078
Shillong,rainfall,2,icon,0.089017
Shillong,rainfall,2,jma,0.339626
Shillong,rainfall,2,ukmo,0.158646
Shillong,rainfall,3,ecmwf,0.103021
Shillong,rainfall,3,gem,0.212191
Shillong,rainfall,3,gfs,0.153333
Shillong,rainfall,3,icon,0.095798
Shillong,rainfall,3,jma,0.319625
Shillong,rainfall,3,ukmo,0.116032
Shillong,temperature,1,ecmwf,0.22372
Shillong,temperature,1,gem,0.170305
Shillong,temperature,1,gfs,0.134582
Shillong,temperature,1,icon,0.106092
Shillong,temperature,1,jma,0.166379
Shillong,temperature,1,ukmo,0.198921
Shillong,temperature,2,ecmwf,0.208582
Shillong,temperature,2,gem,0.175778
Shillong,temperature,2,gfs,0.12816
Shillong,temperature,2,icon,0.110457
Shillong,temperature,2,jma,0.160143
Shillong,temperature,2,ukmo,0.21688
Shillong,temperature,3,ecmwf,0.214695
Shillong,temperature,3,gem,0.163312
Shillong,temperature,3,gfs,0.126302
Shillong,temperature,3,icon,0.117931
Shillong,temperature,3,jma,0.166926
Shillong,temperature,3,ukmo,0.210834
Shillong,wind_speed,1,ecmwf,0.172943
Shillong,wind_speed,1,gem,0.151948
Shillong,wind_speed,1,gfs,0.144588
Shillong,wind_speed,1,icon,0.191384
Shillong,wind_speed,1,jma,0.195252
Shillong,wind_speed,1,ukmo,0.143885
Shillong,wind_speed,2,ecmwf,0.163339
Shillong,wind_speed,2,gem,0.159284
Shillong,wind_speed,2,gfs,0.151434
Shillong,wind_speed,2,icon,0.196534
Shillong,wind_speed,2,jma,0.180807
Shillong,wind_speed,2,ukmo,0.148602
Shillong,wind_speed,3,ecmwf,0.170482
Shillong,wind_speed,3,gem,0.156668
Shillong,wind_speed,3,gfs,0.149805
Shillong,wind_speed,3,icon,0.199217
Shillong,wind_speed,3,jma,0.173757
Shillong,wind_speed,3,ukmo,0.150071
Shimla,rainfall,1,ecmwf,0.289993
Shimla,rainfall,1,gem,0.09325
Shimla,rainfall,1,gfs,0.137715
Shimla,rainfall,1,icon,0.159343
Shimla,rainfall,1,jma,0.207291
Shimla,rainfall,1,ukmo,0.112408
Shimla,rainfall,2,ecmwf,0.203015
Shimla,rainfall,2,gem,0.150603
Shimla,rainfall,2,gfs,0.115642
Shimla,rainfall,2,icon,0.230305
Shimla,rainfall,2,jma,0.217813
Shimla,rainfall,2,ukmo,0.082623
Shimla,rainfall,3,ecmwf,0.163838
Shimla,rainfall,3,gem,0.127007
Shimla,rainfall,3,gfs,0.14634
Shimla,rainfall,3,icon,0.210296
Shimla,rainfall,3,jma,0.221878
Shimla,rainfall,3,ukmo,0.130641
Shimla,temperature,1,ecmwf,0.163255
Shimla,temperature,1,gem,0.160352
Shimla,temperature,1,gfs,0.18538
Shimla,temperature,1,icon,0.17754
Shimla,temperature,1,jma,0.159411
Shimla,temperature,1,ukmo,0.154061
Shimla,temperature,2,ecmwf,0.159084
Shimla,temperature,2,gem,0.16716
Shimla,temperature,2,gfs,0.176022
Shimla,temperature,2,icon,0.187309
Shimla,temperature,2,jma,0.164566
Shimla,temperature,2,ukmo,0.145859
Shimla,temperature,3,ecmwf,0.157984
Shimla,temperature,3,gem,0.168373
Shimla,temperature,3,gfs,0.161982
Shimla,temperature,3,icon,0.187139
Shimla,temperature,3,jma,0.176168
Shimla,temperature,3,ukmo,0.148354
Shimla,wind_speed,1,ecmwf,0.182489
Shimla,wind_speed,1,gem,0.132788
Shimla,wind_speed,1,gfs,0.153938
Shimla,wind_speed,1,icon,0.208715
Shimla,wind_speed,1,jma,0.156002
Shimla,wind_speed,1,ukmo,0.166068
Shimla,wind_speed,2,ecmwf,0.171081
Shimla,wind_speed,2,gem,0.137444
Shimla,wind_speed,2,gfs,0.156531
Shimla,wind_speed,2,icon,0.207723
Shimla,wind_speed,2,jma,0.163382
Shimla,wind_speed,2,ukmo,0.163839
Shimla,wind_speed,3,ecmwf,0.16675
Shimla,wind_speed,3,gem,0.1378
Shimla,wind_speed,3,gfs,0.159276
Shimla,wind_speed,3,icon,0.196444
Shimla,wind_speed,3,jma,0.170186
Shimla,wind_speed,3,ukmo,0.169544
Srinagar,rainfall,1,ecmwf,0.22936
Srinagar,rainfall,1,gem,0.128996
Srinagar,rainfall,1,gfs,0.132751
Srinagar,rainfall,1,icon,0.158314
Srinagar,rainfall,1,jma,0.190026
Srinagar,rainfall,1,ukmo,0.160552
Srinagar,rainfall,2,ecmwf,0.222887
Srinagar,rainfall,2,gem,0.165304
Srinagar,rainfall,2,gfs,0.144259
Srinagar,rainfall,2,icon,0.128926
Srinagar,rainfall,2,jma,0.206888
Srinagar,rainfall,2,ukmo,0.131737
Srinagar,rainfall,3,ecmwf,0.18516
Srinagar,rainfall,3,gem,0.183171
Srinagar,rainfall,3,gfs,0.147865
Srinagar,rainfall,3,icon,0.13466
Srinagar,rainfall,3,jma,0.18061
Srinagar,rainfall,3,ukmo,0.168533
Srinagar,temperature,1,ecmwf,0.208933
Srinagar,temperature,1,gem,0.120473
Srinagar,temperature,1,gfs,0.117191
Srinagar,temperature,1,icon,0.203207
Srinagar,temperature,1,jma,0.187223
Srinagar,temperature,1,ukmo,0.162973
Srinagar,temperature,2,ecmwf,0.1976
Srinagar,temperature,2,gem,0.117628
Srinagar,temperature,2,gfs,0.117281
Srinagar,temperature,2,icon,0.215606
Srinagar,temperature,2,jma,0.188373
Srinagar,temperature,2,ukmo,0.163511
Srinagar,temperature,3,ecmwf,0.183374
Srinagar,temperature,3,gem,0.116423
Srinagar,temperature,3,gfs,0.127898
Srinagar,temperature,3,icon,0.19828
Srinagar,temperature,3,jma,0.202671
Srinagar,temperature,3,ukmo,0.171353
Srinagar,wind_speed,1,ecmwf,0.228364
Srinagar,wind_speed,1,gem,0.208946
Srinagar,wind_speed,1,gfs,0.139892
Srinagar,wind_speed,1,icon,0.22227
Srinagar,wind_speed,1,jma,0.082817
Srinagar,wind_speed,1,ukmo,0.117711
Srinagar,wind_speed,2,ecmwf,0.230178
Srinagar,wind_speed,2,gem,0.215128
Srinagar,wind_speed,2,gfs,0.142266
Srinagar,wind_speed,2,icon,0.210853
Srinagar,wind_speed,2,jma,0.087728
Srinagar,wind_speed,2,ukmo,0.113847
Srinagar,wind_speed,3,ecmwf,0.227824
Srinagar,wind_speed,3,gem,0.218529
Srinagar,wind_speed,3,gfs,0.14209
Srinagar,wind_speed,3,icon,0.208736
Srinagar,wind_speed,3,jma,0.089818
Srinagar,wind_speed,3,ukmo,0.113003
Surat,rainfall,1,ecmwf,0.166667
Surat,rainfall,1,gem,0.153398
Surat,rainfall,1,gfs,0.176429
Surat,rainfall,1,icon,0.174459
Surat,rainfall,1,jma,0.178865
Surat,rainfall,1,ukmo,0.150181
Surat,rainfall,2,ecmwf,0.195963
Surat,rainfall,2,gem,0.174917
Surat,rainfall,2,gfs,0.160035
Surat,rainfall,2,icon,0.117611
Surat,rainfall,2,jma,0.191539
Surat,rainfall,2,ukmo,0.159935
Surat,rainfall,3,ecmwf,0.164017
Surat,rainfall,3,gem,0.148869
Surat,rainfall,3,gfs,0.178658
Surat,rainfall,3,icon,0.170961
Surat,rainfall,3,jma,0.178379
Surat,rainfall,3,ukmo,0.159116
Surat,temperature,1,ecmwf,0.201942
Surat,temperature,1,gem,0.147876
Surat,temperature,1,gfs,0.16033
Surat,temperature,1,icon,0.16321
Surat,temperature,1,jma,0.161586
Surat,temperature,1,ukmo,0.165056
Surat,temperature,2,ecmwf,0.193001
Surat,temperature,2,gem,0.150773
Surat,temperature,2,gfs,0.160851
Surat,temperature,2,icon,0.168654
Surat,temperature,2,jma,0.153203
Surat,temperature,2,ukmo,0.173518
Surat,temperature,3,ecmwf,0.179933
Surat,temperature,3,gem,0.157166
Surat,temperature,3,gfs,0.169746
Surat,temperature,3,icon,0.156496
Surat,temperature,3,jma,0.165963
Surat,temperature,3,ukmo,0.170696
Surat,wind_speed,1,ecmwf,0.161833
Surat,wind_speed,1,gem,0.081395
Surat,wind_speed,1,gfs,0.070489
Surat,wind_speed,1,icon,0.226501
Surat,wind_speed,1,jma,0.218803
Surat,wind_speed,1,ukmo,0.240978
Surat,wind_speed,2,ecmwf,0.137727
Surat,wind_speed,2,gem,0.087548
Surat,wind_speed,2,gfs,0.073566
Surat,wind_speed,2,icon,0.238812
Surat,wind_speed,2,jma,0.21967
Surat,wind_speed,2,ukmo,0.242677
Surat,wind_speed,3,ecmwf,0.131462
Surat,wind_speed,3,gem,0.099169
Surat,wind_speed,3,gfs,0.080759
Surat,wind_speed,3,icon,0.248645
Surat,wind_speed,3,jma,0.23534
Surat,wind_speed,3,ukmo,0.204626
Thane,rainfall,1,ecmwf,0.214154
Thane,rainfall,1,gem,0.111684
Thane,rainfall,1,gfs,0.182631
Thane,rainfall,1,icon,0.179988
Thane,rainfall,1,jma,0.193535
Thane,rainfall,1,ukmo,0.118007
Thane,rainfall,2,ecmwf,0.195155
Thane,rainfall,2,gem,0.15428
Thane,rainfall,2,gfs,0.183039
Thane,rainfall,2,icon,0.187847
Thane,rainfall,2,jma,0.178328
Thane,rainfall,2,ukmo,0.101351
Thane,rainfall,3,ecmwf,0.183937
Thane,rainfall,3,gem,0.171537
Thane,rainfall,3,gfs,0.176209
Thane,rainfall,3,icon,0.18872
Thane,rainfall,3,jma,0.148591
Thane,rainfall,3,ukmo,0.131006
Thane,temperature,1,ecmwf,0.262109
Thane,temperature,1,gem,0.184973
Thane,temperature,1,gfs,0.102795
Thane,temperature,1,icon,0.170551
Thane,temperature,1,jma,0.125715
Thane,temperature,1,ukmo,0.153857
Thane,temperature,2,ecmwf,0.237306
Thane,temperature,2,gem,0.198785
Thane,temperature,2,gfs,0.108296
Thane,temperature,2,icon,0.167842
Thane,temperature,2,jma,0.137023
Thane,temperature,2,ukmo,0.150749
Thane,temperature,3,ecmwf,0.225029
Thane,temperature,3,gem,0.205624
Thane,temperature,3,gfs,0.117209
Thane,temperature,3,icon,0.166845
Thane,temperature,3,jma,0.14155
Thane,temperature,3,ukmo,0.143742
Thane,wind_speed,1,ecmwf,0.265407
Thane,wind_speed,1,gem,0.173422
Thane,wind_speed,1,gfs,0.070583
Thane,wind_speed,1,icon,0.197102
Thane,wind_speed,1,jma,0.092845
Thane,wind_speed,1,ukmo,0.200643
Thane,wind_speed,2,ecmwf,0.243311
Thane,wind_speed,2,gem,0.18422
Thane,wind_speed,2,gfs,0.075501
Thane,wind_speed,2,icon,0.210934
Thane,wind_speed,2,jma,0.096692
Thane,wind_speed,2,ukmo,0.189342
Thane,wind_speed,3,ecmwf,0.209201
Thane,wind_speed,3,gem,0.202929
Thane,wind_speed,3,gfs,0.082655
Thane,wind_speed,3,icon,0.221062
Thane,wind_speed,3,jma,0.103182
Thane,wind_speed,3,ukmo,0.180971
Thiruvananthapuram,rainfall,1,ecmwf,0.191429
Thiruvananthapuram,rainfall,1,gem,0.171404
Thiruvananthapuram,rainfall,1,gfs,0.170891
Thiruvananthapuram,rainfall,1,icon,0.196332
Thiruvananthapuram,rainfall,1,jma,0.191268
Thiruvananthapuram,rainfall,1,ukmo,0.078676
Thiruvananthapuram,rainfall,2,ecmwf,0.19527
Thiruvananthapuram,rainfall,2,gem,0.170625
Thiruvananthapuram,rainfall,2,gfs,0.183497
Thiruvananthapuram,rainfall,2,icon,0.197684
Thiruvananthapuram,rainfall,2,jma,0.1898
Thiruvananthapuram,rainfall,2,ukmo,0.063123
Thiruvananthapuram,rainfall,3,ecmwf,0.200572
Thiruvananthapuram,rainfall,3,gem,0.173997
Thiruvananthapuram,rainfall,3,gfs,0.178452
Thiruvananthapuram,rainfall,3,icon,0.194287
Thiruvananthapuram,rainfall,3,jma,0.183913
Thiruvananthapuram,rainfall,3,ukmo,0.068778
Thiruvananthapuram,temperature,1,ecmwf,0.214655
Thiruvananthapuram,temperature,1,gem,0.155294
Thiruvananthapuram,temperature,1,gfs,0.121817
Thiruvananthapuram,temperature,1,icon,0.190807
Thiruvananthapuram,temperature,1,jma,0.190807
Thiruvananthapuram,temperature,1,ukmo,0.126619
Thiruvananthapuram,temperature,2,ecmwf,0.207221
Thiruvananthapuram,temperature,2,gem,0.149845
Thiruvananthapuram,temperature,2,gfs,0.121334
Thiruvananthapuram,temperature,2,icon,0.1976
Thiruvananthapuram,temperature,2,jma,0.181229
Thiruvananthapuram,temperature,2,ukmo,0.14277
Thiruvananthapuram,temperature,3,ecmwf,0.205789
Thiruvananthapuram,temperature,3,gem,0.155344
Thiruvananthapuram,temperature,3,gfs,0.118688
Thiruvananthapuram,temperature,3,icon,0.18678
Thiruvananthapuram,temperature,3,jma,0.181511
Thiruvananthapuram,temperature,3,ukmo,0.151887
Thiruvananthapuram,wind_speed,1,ecmwf,0.225568
Thiruvananthapuram,wind_speed,1,gem,0.176143
Thiruvananthapuram,wind_speed,1,gfs,0.198268
Thiruvananthapuram,wind_speed,1,icon,0.17928
Thiruvananthapuram,wind_speed,1,jma,0.089272
Thiruvananthapuram,wind_speed,1,ukmo,0.131469
Thiruvananthapuram,wind_speed,2,ecmwf,0.202706
Thiruvananthapuram,wind_speed,2,gem,0.200066
Thiruvananthapuram,wind_speed,2,gfs,0.202654
Thiruvananthapuram,wind_speed,2,icon,0.177603
Thiruvananthapuram,wind_speed,2,jma,0.089155
Thiruvananthapuram,wind_speed,2,ukmo,0.127817
Thiruvananthapuram,wind_speed,3,ecmwf,0.202144
Thiruvananthapuram,wind_speed,3,gem,0.194683
Thiruvananthapuram,wind_speed,3,gfs,0.194558
Thiruvananthapuram,wind_speed,3,icon,0.188016
Thiruvananthapuram,wind_speed,3,jma,0.087834
Thiruvananthapuram,wind_speed,3,ukmo,0.132764
Vadodara,rainfall,1,ecmwf,0.234972
Vadodara,rainfall,1,gem,0.145369
Vadodara,rainfall,1,gfs,0.133615
Vadodara,rainfall,1,icon,0.11461
Vadodara,rainfall,1,jma,0.247388
Vadodara,rainfall,1,ukmo,0.124046
Vadodara,rainfall,2,ecmwf,0.141343
Vadodara,rainfall,2,gem,0.147875
Vadodara,rainfall,2,gfs,0.200786
Vadodara,rainfall,2,icon,0.135479
Vadodara,rainfall,2,jma,0.274744
Vadodara,rainfall,2,ukmo,0.099774
Vadodara,rainfall,3,ecmwf,0.10548
Vadodara,rainfall,3,gem,0.143139
Vadodara,rainfall,3,gfs,0.267684
Vadodara,rainfall,3,icon,0.077762
Vadodara,rainfall,3,jma,0.227189
Vadodara,rainfall,3,ukmo,0.178746
Vadodara,temperature,1,ecmwf,0.213615
Vadodara,temperature,1,gem,0.124064
Vadodara,temperature,1,gfs,0.101164
Vadodara,temperature,1,icon,0.203049
Vadodara,temperature,1,jma,0.165053
Vadodara,temperature,1,ukmo,0.193055
Vadodara,temperature,2,ecmwf,0.208557
Vadodara,temperature,2,gem,0.127185
Vadodara,temperature,2,gfs,0.11838
Vadodara,temperature,2,icon,0.190188
Vadodara,temperature,2,jma,0.164209
Vadodara,temperature,2,ukmo,0.191481
Vadodara,temperature,3,ecmwf,0.191272
Vadodara,temperature,3,gem,0.125213
Vadodara,temperature,3,gfs,0.125286
Vadodara,temperature,3,icon,0.191543
Vadodara,temperature,3,jma,0.170038
Vadodara,temperature,3,ukmo,0.196649
Vadodara,wind_speed,1,ecmwf,0.19374
Vadodara,wind_speed,1,gem,0.130152
Vadodara,wind_speed,1,gfs,0.081038
Vadodara,wind_speed,1,icon,0.225607
Vadodara,wind_speed,1,jma,0.156364
Vadodara,wind_speed,1,ukmo,0.213099
Vadodara,wind_speed,2,ecmwf,0.176138
Vadodara,wind_speed,2,gem,0.136539
Vadodara,wind_speed,2,gfs,0.087641
Vadodara,wind_speed,2,icon,0.22336
Vadodara,wind_speed,2,jma,0.169474
Vadodara,wind_speed,2,ukmo,0.206848
Vadodara,wind_speed,3,ecmwf,0.17368
Vadodara,wind_speed,3,gem,0.138132
Vadodara,wind_speed,3,gfs,0.092502
Vadodara,wind_speed,3,icon,0.24448
Vadodara,wind_speed,3,jma,0.175683
Vadodara,wind_speed,3,ukmo,0.175522
Varanasi,rainfall,1,ecmwf,0.17484
Varanasi,rainfall,1,gem,0.16033
Varanasi,rainfall,1,gfs,0.130724
Varanasi,rainfall,1,icon,0.17544
Varanasi,rainfall,1,jma,0.21329
Varanasi,rainfall,1,ukmo,0.145376
Varanasi,rainfall,2,ecmwf,0.19465
Varanasi,rainfall,2,gem,0.159767
Varanasi,rainfall,2,gfs,0.091369
Varanasi,rainfall,2,icon,0.178349
Varanasi,rainfall,2,jma,0.211878
Varanasi,rainfall,2,ukmo,0.163989
Varanasi,rainfall,3,ecmwf,0.196418
Varanasi,rainfall,3,gem,0.134576
Varanasi,rainfall,3,gfs,0.132444
Varanasi,rainfall,3,icon,0.167782
Varanasi,rainfall,3,jma,0.19923
Varanasi,rainfall,3,ukmo,0.16955
Varanasi,temperature,1,ecmwf,0.194726
Varanasi,temperature,1,gem,0.12888
Varanasi,temperature,1,gfs,0.111448
Varanasi,temperature,1,icon,0.222164
Varanasi,temperature,1,jma,0.168921
Varanasi,temperature,1,ukmo,0.17386
Varanasi,temperature,2,ecmwf,0.176852
Varanasi,temperature,2,gem,0.138122
Varanasi,temperature,2,gfs,0.135885
Varanasi,temperature,2,icon,0.208301
Varanasi,temperature,2,jma,0.158714
Varanasi,temperature,2,ukmo,0.182126
Varanasi,temperature,3,ecmwf,0.185556
Varanasi,temperature,3,gem,0.136192
Varanasi,temperature,3,gfs,0.148689
Varanasi,temperature,3,icon,0.197331
Varanasi,temperature,3,jma,0.150897
Varanasi,temperature,3,ukmo,0.181334
Varanasi,wind_speed,1,ecmwf,0.193338
Varanasi,wind_speed,1,gem,0.129785
Varanasi,wind_speed,1,gfs,0.097865
Varanasi,wind_speed,1,icon,0.212262
Varanasi,wind_speed,1,jma,0.187261
Varanasi,wind_speed,1,ukmo,0.179489
Varanasi,wind_speed,2,ecmwf,0.206656
Varanasi,wind_speed,2,gem,0.135612
Varanasi,wind_speed,2,gfs,0.092326
Varanasi,wind_speed,2,icon,0.199385
Varanasi,wind_speed,2,jma,0.201112
Varanasi,wind_speed,2,ukmo,0.164908
Varanasi,wind_speed,3,ecmwf,0.188794
Varanasi,wind_speed,3,gem,0.136031
Varanasi,wind_speed,3,gfs,0.095975
Varanasi,wind_speed,3,icon,0.188941
Varanasi,wind_speed,3,jma,0.20752
Varanasi,wind_speed,3,ukmo,0.18274
Vijayawada,rainfall,1,ecmwf,0.146786
Vijayawada,rainfall,1,gem,0.144298
Vijayawada,rainfall,1,gfs,0.187053
Vijayawada,rainfall,1,icon,0.173224
Vijayawada,rainfall,1,jma,0.167418
Vijayawada,rainfall,1,ukmo,0.181221
Vijayawada,rainfall,2,ecmwf,0.142678
Vijayawada,rainfall,2,gem,0.157171
Vijayawada,rainfall,2,gfs,0.181745
Vijayawada,rainfall,2,icon,0.180285
Vijayawada,rainfall,2,jma,0.162157
Vijayawada,rainfall,2,ukmo,0.175963
Vijayawada,rainfall,3,ecmwf,0.16167
Vijayawada,rainfall,3,gem,0.147757
Vijayawada,rainfall,3,gfs,0.177332
Vijayawada,rainfall,3,icon,0.177702
Vijayawada,rainfall,3,jma,0.168023
Vijayawada,rainfall,3,ukmo,0.167515
Vijayawada,temperature,1,ecmwf,0.184905
Vijayawada,temperature,1,gem,0.136704
Vijayawada,temperature,1,gfs,0.161933
Vijayawada,temperature,1,icon,0.195474
Vijayawada,temperature,1,jma,0.10824
Vijayawada,temperature,1,ukmo,0.212744
Vijayawada,temperature,2,ecmwf,0.200924
Vijayawada,temperature,2,gem,0.134878
Vijayawada,temperature,2,gfs,0.170912
Vijayawada,temperature,2,icon,0.192303
Vijayawada,temperature,2,jma,0.111899
Vijayawada,temperature,2,ukmo,0.189086
Vijayawada,temperature,3,ecmwf,0.200162
Vijayawada,temperature,3,gem,0.138945
Vijayawada,temperature,3,gfs,0.170376
Vijayawada,temperature,3,icon,0.191417
Vijayawada,temperature,3,jma,0.112919
Vijayawada,temperature,3,ukmo,0.18618
Vijayawada,wind_speed,1,ecmwf,0.242273
Vijayawada,wind_speed,1,gem,0.155719
Vijayawada,wind_speed,1,gfs,0.123595
Vijayawada,wind_speed,1,icon,0.123546
Vijayawada,wind_speed,1,jma,0.122951
Vijayawada,wind_speed,1,ukmo,0.231916
Vijayawada,wind_speed,2,ecmwf,0.218242
Vijayawada,wind_speed,2,gem,0.166724
Vijayawada,wind_speed,2,gfs,0.124006
Vijayawada,wind_speed,2,icon,0.128734
Vijayawada,wind_speed,2,jma,0.128806
Vijayawada,wind_speed,2,ukmo,0.233488
Vijayawada,wind_speed,3,ecmwf,0.213334
Vijayawada,wind_speed,3,gem,0.157285
Vijayawada,wind_speed,3,gfs,0.133255
Vijayawada,wind_speed,3,icon,0.133074
Vijayawada,wind_speed,3,jma,0.127381
Vijayawada,wind_speed,3,ukmo,0.23567
Visakhapatnam,rainfall,1,ecmwf,0.179578
Visakhapatnam,rainfall,1,gem,0.170731
Visakhapatnam,rainfall,1,gfs,0.167289
Visakhapatnam,rainfall,1,icon,0.165324
Visakhapatnam,rainfall,1,jma,0.168931
Visakhapatnam,rainfall,1,ukmo,0.148147
Visakhapatnam,rainfall,2,ecmwf,0.169389
Visakhapatnam,rainfall,2,gem,0.167594
Visakhapatnam,rainfall,2,gfs,0.16712
Visakhapatnam,rainfall,2,icon,0.169623
Visakhapatnam,rainfall,2,jma,0.174384
Visakhapatnam,rainfall,2,ukmo,0.15189
Visakhapatnam,rainfall,3,ecmwf,0.166333
Visakhapatnam,rainfall,3,gem,0.162605
Visakhapatnam,rainfall,3,gfs,0.170598
Visakhapatnam,rainfall,3,icon,0.168271
Visakhapatnam,rainfall,3,jma,0.167602
Visakhapatnam,rainfall,3,ukmo,0.164591
Visakhapatnam,temperature,1,ecmwf,0.228984
Visakhapatnam,temperature,1,gem,0.160615
Visakhapatnam,temperature,1,gfs,0.132436
Visakhapatnam,temperature,1,icon,0.171654
Visakhapatnam,temperature,1,jma,0.167318
Visakhapatnam,temperature,1,ukmo,0.138992
Visakhapatnam,temperature,2,ecmwf,0.214059
Visakhapatnam,temperature,2,gem,0.161698
Visakhapatnam,temperature,2,gfs,0.146948
Visakhapatnam,temperature,2,icon,0.166944
Visakhapatnam,temperature,2,jma,0.175633
Visakhapatnam,temperature,2,ukmo,0.134718
Visakhapatnam,temperature,3,ecmwf,0.198726
Visakhapatnam,temperature,3,gem,0.172644
Visakhapatnam,temperature,3,gfs,0.15283
Visakhapatnam,temperature,3,icon,0.161349
Visakhapatnam,temperature,3,jma,0.17903
Visakhapatnam,temperature,3,ukmo,0.13542
Visakhapatnam,wind_speed,1,ecmwf,0.232305
Visakhapatnam,wind_speed,1,gem,0.094469
Visakhapatnam,wind_speed,1,gfs,0.099715
Visakhapatnam,wind_speed,1,icon,0.195751
Visakhapatnam,wind_speed,1,jma,0.194527
Visakhapatnam,wind_speed,1,ukmo,0.183233
Visakhapatnam,wind_speed,2,ecmwf,0.227041
Visakhapatnam,wind_speed,2,gem,0.096339
Visakhapatnam,wind_speed,2,gfs,0.113994
Visakhapatnam,wind_speed,2,icon,0.202282
Visakhapatnam,wind_speed,2,jma,0.189462
Visakhapatnam,wind_speed,2,ukmo,0.170883
Visakhapatnam,wind_speed,3,ecmwf,0.233457
Visakhapatnam,wind_speed,3,gem,0.096977
Visakhapatnam,wind_speed,3,gfs,0.119055
Visakhapatnam,wind_speed,3,icon,0.199579
Visakhapatnam,wind_speed,3,jma,0.189335
Visakhapatnam,wind_speed,3,ukmo,0.161597
