variable,lead_days,method,rmse,mae
temperature,1,ecmwf,1.1868,0.8992
temperature,1,gfs,1.9339,1.4422
temperature,1,icon,1.2338,0.9159
temperature,1,gem,1.6988,1.3135
temperature,1,equal_avg,1.0597,0.8076
temperature,1,weighted_blend,1.0607,0.814
temperature,1,bias_corrected,0.9791,0.7269
temperature,1,hybrid_rf,0.8802,0.6464
temperature,2,ecmwf,1.3151,0.9993
temperature,2,gfs,2.0184,1.5101
temperature,2,icon,1.3301,0.9824
temperature,2,gem,1.7293,1.3352
temperature,2,equal_avg,1.145,0.8727
temperature,2,weighted_blend,1.1501,0.8816
temperature,2,bias_corrected,1.0611,0.7861
temperature,2,hybrid_rf,0.9609,0.7039
temperature,3,ecmwf,1.3835,1.0481
temperature,3,gfs,2.0983,1.5665
temperature,3,icon,1.4078,1.0433
temperature,3,gem,1.8162,1.4016
temperature,3,equal_avg,1.2208,0.9246
temperature,3,weighted_blend,1.2194,0.9287
temperature,3,bias_corrected,1.1467,0.8457
temperature,3,hybrid_rf,1.025,0.7529
rainfall,1,ecmwf,0.781,0.2832
rainfall,1,gfs,1.051,0.3192
rainfall,1,icon,0.9436,0.3176
rainfall,1,gem,1.1816,0.358
rainfall,1,equal_avg,0.7445,0.2737
rainfall,1,weighted_blend,0.7475,0.274
rainfall,1,bias_corrected,0.7468,0.2984
rainfall,1,hybrid_rf,0.676,0.2923
rainfall,2,ecmwf,0.8492,0.315
rainfall,2,gfs,1.2492,0.3445
rainfall,2,icon,0.9968,0.3363
rainfall,2,gem,1.1705,0.3602
rainfall,2,equal_avg,0.7903,0.2928
rainfall,2,weighted_blend,0.7915,0.2952
rainfall,2,bias_corrected,0.7912,0.3236
rainfall,2,hybrid_rf,0.6859,0.303
rainfall,3,ecmwf,0.9377,0.3292
rainfall,3,gfs,0.9997,0.3212
rainfall,3,icon,1.091,0.3557
rainfall,3,gem,1.2543,0.3782
rainfall,3,equal_avg,0.792,0.3013
rainfall,3,weighted_blend,0.8012,0.3051
rainfall,3,bias_corrected,0.8037,0.3392
rainfall,3,hybrid_rf,0.6942,0.3133
wind_speed,1,ecmwf,2.81,2.1308
wind_speed,1,gfs,5.7737,4.5755
wind_speed,1,icon,3.3942,2.676
wind_speed,1,gem,4.7183,3.6266
wind_speed,1,equal_avg,2.8819,2.2509
wind_speed,1,weighted_blend,2.9883,2.33
wind_speed,1,bias_corrected,2.6133,2.0318
wind_speed,1,hybrid_rf,2.3376,1.8075
wind_speed,2,ecmwf,3.0885,2.3442
wind_speed,2,gfs,6.1587,4.8723
wind_speed,2,icon,3.4649,2.6962
wind_speed,2,gem,4.929,3.8121
wind_speed,2,equal_avg,3.0999,2.4352
wind_speed,2,weighted_blend,3.2254,2.5365
wind_speed,2,bias_corrected,2.7864,2.169
wind_speed,2,hybrid_rf,2.4766,1.9087
wind_speed,3,ecmwf,3.3393,2.5555
wind_speed,3,gfs,6.1473,4.8458
wind_speed,3,icon,3.5476,2.753
wind_speed,3,gem,5.0144,3.8611
wind_speed,3,equal_avg,3.1849,2.5099
wind_speed,3,weighted_blend,3.3334,2.6236
wind_speed,3,bias_corrected,2.8696,2.2356
wind_speed,3,hybrid_rf,2.5819,1.9867
